Agency,Location,Description,Date,SQ FT,SAVED
INTERNAL REVENUE SERVICE NATIONAL OFFICE,"FRANKLIN, TN",Termination via Mass Mod,2/25/2025,"135,373",31949712.0
BUREAU OF RECLAMATION,"BOISE, ID",True Termination- Vacant Space Buyout,2/7/2025,"79,869",18630308.0
UNITED STATES FISH AND WILDLIFE SERVICE,"HADLEY, MA",Termination via Mass Mod,2/25/2025,"72,220",11595327.0
INTERNAL REVENUE SERVICE NATIONAL OFFICE,"PHOENIX, AZ",Termination via Mass Mod,2/25/2025,"99,880",10081946.0
SECURITIES AND EXCHANGE COMMISSION,"LOS ANGELES, CA",Termination via Mass Mod,2/26/2025,"57,903",9812520.0
NATIONAL PARK SERVICE,"CHARLES TOWN, WV",Termination via Mass Mod,3/4/2025,"39,037",9480390.0
OFFICE OF THE SECRETARY,"DENVER, CO",Termination via Mass Mod,2/26/2025,"86,809",9455746.0
NATIONAL PARK SERVICE,"MOAB, UT",Termination via Mass Mod,3/4/2025,"35,358",8058490.0
FOREST SERVICE,"ANCHORAGE, AK",Termination via Mass Mod,2/26/2025,"27,770",7884136.0
OFFICE OF THE SECRETARY,"HATO REY, PR",Termination via Mass Mod,3/4/2025,"25,985",7875004.0
BUREAU OF INDIAN AFFAIRS,"PHOENIX, AZ",Termination via Mass Mod,2/25/2025,"71,591",7293384.0
OFFICE OF SURFACE MINING AND REGULATION ENFORCEMENT,"TULSA, OK",Termination via Mass Mod,2/24/2025,"41,676",6348041.0
ANIMAL AND PLANT HEALTH INSPECTION SERVICE,"BOISE, ID",Termination via Mass Mod,2/24/2025,"44,623",5598394.0
U.S. AGENCY FOR GLOBAL MEDIA,"MIAMI, FL",Termination via Mass Mod,2/25/2025,"35,927",5439856.0
DEPARTMENT OF HEALTH & HUMAN SERVICES,"CLEVELAND, OH",Termination via Mass Mod,2/26/2025,"45,455",4374703.0
DEPT OF TREASURY-BUREAU OF THE FISCAL SERVICE,"HYATTSVILLE, MD",True Termination- Move to Federal Space,2/25/2025,"76,372",4350364.0
SECURITIES AND EXCHANGE COMMISSION,"PHILADELPHIA, PA",Termination via Mass Mod,2/25/2025,"44,765",4290794.0
SECURITIES AND EXCHANGE COMMISSION,"CHICAGO, IL",Termination via Mass Mod,2/25/2025,"81,492",3935496.0
BUR OF INDUSTRY & SECURITY,"PHOENIX, AZ",Termination via Mass Mod,2/26/2025,"36,750",3586697.0
BUREAU OF MINERALS MANAGEMENT SERVICE,"CAMARILLO, CA",Termination via Mass Mod,2/25/2025,"27,345",3532477.0
INDIAN HEALTH SERVICE NAVAJO,"GALLUP, NM",Termination via Mass Mod,2/25/2025,"20,287",3145759.0
GEOLOGICAL SURVEY,"LITTLE ROCK, AR",Termination via Mass Mod,2/28/2025,"19,005",3114473.0
BUREAU OF PRISONS,"STOCKTON, CA",Termination via Mass Mod,2/26/2025,"33,204",2972765.0
EMPLOYEE BENEFITS SECURITY ADMIN,"PLANTATION, FL",Termination via Mass Mod,2/26/2025,"16,254",2867795.0
RURAL HOUSING SERVICE,"PALMER, AK",Termination via Mass Mod,2/24/2025,"19,716",2867571.0
FOREST SERVICE,"ATLANTA, GA",Termination via Mass Mod,2/25/2025,"49,617",2799539.0
OFFICE OF INSPECTOR GENERAL,"FORT LAUDERDALE, FL",Termination via Mass Mod,3/4/2025,"15,336",2688195.0
FOREST SERVICE,"FORT COLLINS, CO",Termination via Mass Mod,2/26/2025,"43,599",2466731.0
NATURAL RESOURCES CONSERVATION SERVICE,"GREENSBORO, NC",True Termination- Agency Closed Office,2/24/2025,"30,123",2436313.0
NATURAL RESOURCES CONSERVATION SERVICE,"COLUMBIA, MO",Termination via Mass Mod,2/26/2025,"52,257",2307478.0
GEOLOGICAL SURVEY,"SAN ANTONIO, TX",Termination via Mass Mod,2/25/2025,"20,950",2277206.0
GEOLOGICAL SURVEY,"SPOKANE VALLEY, WA",Termination via Mass Mod,2/25/2025,"13,196",2192479.0
OFFICE OF THE SECRETARY,"KANSAS CITY, KS",Termination via Mass Mod,2/25/2025,"69,437",2168309.0
FOOD AND DRUG ADMINISTRATION,"NEWARK, NJ",Termination via Mass Mod,2/26/2025,"14,736",2125344.0
CENTER FOR DISEASE CONTROL,"ATLANTA, GA",True Termination- Agency Direct Lease,1/27/2025,"119,812",2059755.0
OFFICE OF THE SECRETARY,"ANCHORAGE, AK",Termination via Mass Mod,2/28/2025,"14,805",1996055.0
OFFICE OF NATURAL RESOURCES AND REVENUE,"HOUSTON, TX",Termination via Mass Mod,3/4/2025,"22,809",1993244.0
FOREST SERVICE,"SILVER CITY, NM",Termination via Mass Mod,2/26/2025,"29,554",1873918.0
FEDERAL ENERGY REGULATORY COMMISSION,"NEW YORK, NY",Termination via Mass Mod,3/4/2025,"10,728",1861927.0
FOOD AND NUTRITION SERVICE (FNS),"ROBBINSVILLE, NJ",Termination via Mass Mod,2/26/2025,"28,930",1751076.0
"BUR OF ALCOHOL,TOBACCO,FIREARMS & EXPLOSIVES","SAN DIEGO, CA",True Termination- Vacant Space Buyout,1/30/2025,"9,563",1744084.0
MINE SAFETY HEALTH ADMINISTRATION,"BIRMINGHAM, AL",Termination via Mass Mod,2/26/2025,"20,554",1729259.0
FOREST SERVICE,"ALBUQUERQUE, NM",Termination via Mass Mod,2/25/2025,"22,216",1682257.0
GEOLOGICAL SURVEY,"COLUMBUS, OH",Termination via Mass Mod,2/25/2025,"20,338",1615345.0
GEOLOGICAL SURVEY,"CHARLESTON, WV",Termination via Mass Mod,2/28/2025,"10,875",1532166.0
GEOLOGICAL SURVEY,"NORTHBOROUGH, MA",Termination via Mass Mod,2/25/2025,"20,893",1518472.0
OFFICE OF INSPECTOR GENERAL,"NEW YORK, NY",Termination via Mass Mod,2/26/2025,"10,651",1516614.0
FOREST SERVICE,"POMEROY, WA",Termination via Mass Mod,2/26/2025,"10,516",1454102.0
NATIONAL OCEANIC ATMOSPHERIC ADMINISTRATION,"KEY LARGO, FL",Termination via Mass Mod,2/25/2025,"7,993",1449237.0
FOREST SERVICE,"PHOENIX, AZ",Termination via Mass Mod,2/25/2025,"32,162",1439364.0
GEOLOGICAL SURVEY,"CORVALLIS, OR",Termination via Mass Mod,2/25/2025,"6,849",1425515.0
FOOD AND DRUG ADMINISTRATION,"TEMPE, AZ",Termination via Mass Mod,2/25/2025,"4,176",1423706.0
DEPARTMENT OF EDUCATION,"KANSAS CITY, MO",Termination via Mass Mod,2/25/2025,"47,639",1423680.0
AID,"WASHINGTON, DC",True Termination- Move to Federal Space,1/30/2025,"46,821",1419079.0
ENVIRONMENTAL PROTECTION AGENCY,"GUAYNABO, PR",Termination via Mass Mod,2/26/2025,"22,391",1406421.0
ENVIRONMENTAL PROTECTION AGENCY,"LOS ANGELES, CA",Termination via Mass Mod,2/25/2025,"13,541",1391059.0
GEOLOGICAL SURVEY,"BOZEMAN, MT",Termination via Mass Mod,2/28/2025,"15,605",1387147.0
GEOLOGICAL SURVEY,"NORCROSS, GA",Termination via Mass Mod,2/25/2025,"38,395",1368822.0
BUREAU OF PRISONS,"KANSAS CITY, KS",True Termination- Lease Backfill,1/22/2025,"51,138",1346931.0
NATIONAL PARK SERVICE,"MOUNTAINAIR, NM",Termination via Mass Mod,2/28/2025,"7,648",1346127.0
ANIMAL AND PLANT HEALTH INSPECTION SERVICE,"BISMARCK, ND",Termination via Mass Mod,2/26/2025,"28,954",1342426.0
EQUAL EMPLOYMENT OPPORTUNITY COMMISSION,"PHOENIX, AZ",Termination via Mass Mod,2/25/2025,"22,915",1336979.0
GEOLOGICAL SURVEY,"OKLAHOMA CITY, OK",Termination via Mass Mod,3/4/2025,"16,925",1284854.0
GEOLOGICAL SURVEY,"LOUISVILLE, KY",Termination via Mass Mod,3/3/2025,"21,950",1279300.0
ENVIRONMENTAL PROTECTION AGENCY,"CASTLE ROCK, CO",Termination via Mass Mod,2/26/2025,"10,800",1269597.0
MINE SAFETY HEALTH ADMINISTRATION,"WARRENDALE, PA",Termination via Mass Mod,3/4/2025,"11,380",1248885.0
OFFICE OF THE SECRETARY,"HARTFORD, CT",Termination via Mass Mod,2/28/2025,"24,647",1231192.0
OFFICE OF THE SECRETARY,"MILWAUKEE, WI",Termination via Mass Mod,3/4/2025,"17,556",1217384.0
NATIONAL PARK SERVICE,"HOMESTEAD, FL",Termination via Mass Mod,2/28/2025,"21,356",1213710.0
UNITED STATES FISH AND WILDLIFE SERVICE,"JACKSON, MS",Termination via Mass Mod,2/25/2025,"14,840",1211365.0
DEPARTMENT OF EDUCATION,"PHILADELPHIA, PA",Termination via Mass Mod,2/25/2025,"42,995",1206699.0
EQUAL EMPLOYMENT OPPORTUNITY COMMISSION,"SAN JOSE, CA",True Termination: Agency Approved Termination,2/20/2025,"5,736",1194691.0
SMALL BUSINESS ADMINISTRATION,"LITTLE ROCK, AR",Termination via Mass Mod,2/26/2025,"17,878",1161456.0
BUREAU OF INDIAN AFFAIRS,"TOPPENISH, WA",Termination via Mass Mod,2/28/2025,"17,107",1113322.0
FOOD AND DRUG ADMINISTRATION,"LONG BEACH, CA",Termination via Mass Mod,2/28/2025,"24,167",1112157.0
FOREST SERVICE,"TALLAHASSEE, FL",Termination via Mass Mod,2/26/2025,"17,770",1109231.0
BUREAU OF LABOR STATISTICS,"FORT WALTON BEACH, FL",Termination via Mass Mod,2/25/2025,"15,264",1063177.0
GEOLOGICAL SURVEY,"CHEYENNE, WY",Termination via Mass Mod,2/25/2025,"9,521",1054760.0
FEDERAL HIGHWAY ADMINISTRATION,"BOISE, ID",Termination via Mass Mod,2/25/2025,"5,179",1025719.0
UNITED STATES FISH AND WILDLIFE SERVICE,"ARCATA, CA",Termination via Mass Mod,2/28/2025,"25,500",990292.0
FOOD AND DRUG ADMINISTRATION,"SAN CLEMENTE, CA",Termination via Mass Mod,2/26/2025,"21,450",989569.0
"CORPS OF ENGINEERS, CIVIL","LAKEWOOD, CO",Termination via Mass Mod,2/26/2025,"21,015",980245.0
USDA RMA,"TOPEKA, KS",True Termination- Agency Closed Office,2/2/2025,"5,560",974547.0
FARM SERVICE AGENCY - COUNTY,"CLOVIS, NM",Termination via Mass Mod,2/25/2025,"6,590",970116.0
ANIMAL AND PLANT HEALTH INSPECTION SERVICE,"FORT COLLINS, CO",Termination via Mass Mod,2/26/2025,"7,803",969467.0
OFFICE OF THE SOLICITOR,"BOISE, ID",Termination via Mass Mod,2/28/2025,"5,890",962672.0
GEOLOGICAL SURVEY,"RICHMOND, VA",Termination via Mass Mod,2/28/2025,"19,277",962305.0
FEDERAL TRANSIT ADMINISTRATION,"CHICAGO, IL",Termination via Mass Mod,2/25/2025,"13,531",943641.0
FARM SERVICE AGENCY- STATE,"LEXINGTON-FAYETTE, KY",True Termination- Agency Closed Office,2/24/2025,"39,235",930477.0
ENVIRONMENTAL PROTECTION AGENCY,"ERLANGER, KY",Termination via Mass Mod,3/4/2025,"24,416",928122.0
FEDERAL HIGHWAY ADMINISTRATION,"SALEM, OR",Termination via Mass Mod,2/25/2025,"6,589",927450.0
NATIONAL PARK SERVICE,"SAN ANTONIO, TX",Termination via Mass Mod,2/25/2025,"14,478",903384.0
NATURAL RESOURCES CONSERVATION SERVICE,"FARGO, ND",True Termination- Agency Closed Office,2/25/2025,"8,834",896416.0
RURAL HOUSING SERVICE,"STEVENS POINT, WI",Termination via Mass Mod,2/26/2025,"15,843",896408.0
BUREAU OF MINERALS MANAGEMENT SERVICE,"HOUMA, LA",Termination via Mass Mod,2/25/2025,"13,865",876568.0
ANIMAL AND PLANT HEALTH INSPECTION SERVICE,"OLYMPIA, WA",Termination via Mass Mod,2/26/2025,"3,458",871420.0
INTERNAL REVENUE SERVICE NATIONAL OFFICE,"GUAYNABO, PR",Termination via Mass Mod,2/25/2025,"9,462",863580.0
BUREAU OF INDIAN AFFAIRS,"LAPWAI, ID",Termination via Mass Mod,2/28/2025,"6,068",860128.0
GEOLOGICAL SURVEY,"HILO, HI",Termination via Mass Mod,2/28/2025,"10,731",859134.0
UNITED STATES FISH AND WILDLIFE SERVICE,"COLUMBIA, MO",Termination via Mass Mod,2/25/2025,"15,011",854819.0
FEDERAL HIGHWAY ADMINISTRATION,"AMES, IA",Termination via Mass Mod,2/25/2025,"10,056",847327.0
NATIONAL PARK SERVICE,"FORT COLLINS, CO",Termination via Mass Mod,2/28/2025,"65,720",844407.0
BUR OF INDUSTRY & SECURITY,"IRVINE, CA",Termination via Mass Mod,2/25/2025,"13,775",836544.0
UNITED STATES FISH AND WILDLIFE SERVICE,"STATE COLLEGE, PA",Termination via Mass Mod,2/25/2025,"6,700",824380.0
BUREAU OF LAND MANAGEMENT,"BAKER CITY, OR",Termination via Mass Mod,2/28/2025,"7,030",823673.0
UNITED STATES TRUSTEES,"WORCESTER, MA",Termination via Mass Mod,2/28/2025,"5,506",815308.0
NATIONAL LABOR RELATIONS BOARD,"HATO REY, PR",Termination via Mass Mod,2/25/2025,"12,409",811770.0
FOREST SERVICE,"MONTGOMERY, AL",Termination via Mass Mod,2/26/2025,"15,792",801799.0
MINE SAFETY HEALTH ADMINISTRATION,"MOUNT PLEASANT, PA",Termination via Mass Mod,2/26/2025,"12,964",800001.0
FOOD AND DRUG ADMINISTRATION,"NASHVILLE, TN",Termination via Mass Mod,2/25/2025,"14,004",777105.0
UNITED STATES FISH AND WILDLIFE SERVICE,"LANDER, WY",Termination via Mass Mod,3/4/2025,"7,601",769413.0
FARM SERVICE AGENCY - COUNTY,"ROSWELL, NM",Termination via Mass Mod,2/26/2025,"5,635",765934.0
FARM SERVICE AGENCY- STATE,"FARGO, ND","Termination details are still being finalized. The lessor and customer have been notified, and the strategy is under development.",2/21/2025,"14,800",759307.0
OFFICE OF THE SECRETARY,"KANSAS CITY, MO",Termination via Mass Mod,2/26/2025,"11,465",758387.0
OFFICE OF INSPECTOR GENERAL,"GRAND PRAIRIE, TX",Termination via Mass Mod,2/28/2025,"6,418",749187.0
NATIONAL ARCHIVES CENTERS,"HOFFMAN ESTATES, IL",True Termination- Consolidation,2/7/2025,"73,573",746542.0
UNITED STATES FISH AND WILDLIFE SERVICE,"ATLANTA, GA",Termination via Mass Mod,2/25/2025,"35,330",738352.0
FEDERAL HIGHWAY ADMINISTRATION,"SANTA FE, NM",Termination via Mass Mod,2/28/2025,"5,847",732004.0
BUREAU OF RECLAMATION,"BEND, OR",Termination via Mass Mod,2/25/2025,"3,386",729692.0
UNITED STATES FISH AND WILDLIFE SERVICE,"VALLEY STREAM, NY",Termination via Mass Mod,3/3/2025,"9,493",719674.0
UNITED STATES FISH AND WILDLIFE SERVICE,"FAIRHOPE, AL",Termination via Mass Mod,3/3/2025,"5,132",707922.0
UNITED STATES FISH AND WILDLIFE SERVICE,"TUCSON, AZ",Termination via Mass Mod,2/25/2025,"4,791",705614.0
MINE SAFETY HEALTH ADMINISTRATION,"MADISONVILLE, KY",Termination via Mass Mod,2/25/2025,"22,362",703664.0
FOOD AND DRUG ADMINISTRATION,"MEMPHIS, TN",Termination via Mass Mod,2/25/2025,"12,305",701297.0
FOOD AND DRUG ADMINISTRATION,"PLANTATION, FL",Termination via Mass Mod,2/26/2025,"14,691",699883.0
GEOLOGICAL SURVEY,"TALLAHASSEE, FL",Termination via Mass Mod,2/28/2025,"3,802",693055.0
GEOLOGICAL SURVEY,"SUNCOOK, PEMBROKE, NH",Termination via Mass Mod,2/25/2025,"12,560",685846.0
NATIONAL PARK SERVICE,"FLAGSTAFF, AZ",Termination via Mass Mod,2/25/2025,"6,760",677642.0
UNITED STATES FISH AND WILDLIFE SERVICE,"BOZEMAN, MT",Termination via Mass Mod,2/28/2025,"7,853",674219.0
NATIONAL PARK SERVICE,"HARRISON, AR",Termination via Mass Mod,2/25/2025,"22,680",650477.0
SMALL BUSINESS ADMINISTRATION,"ATLANTA, GA",Termination via Mass Mod,2/25/2025,"27,526",634642.0
NATIONAL PARK SERVICE,"YANKTON, SD",Termination via Mass Mod,2/28/2025,"9,048",628082.0
EQUAL EMPLOYMENT OPPORTUNITY COMMISSION,"RALEIGH, NC",Termination via Mass Mod,2/25/2025,"10,397",612666.0
"EMPLOYMENT STANDARDS ADMINISTRATION, WAGE AND HOUR DIVI","BALTIMORE, MD",Termination via Mass Mod,2/25/2025,"9,139",603751.0
"EMPLOYMENT STANDARDS ADMINISTRATION, WAGE AND HOUR DIVI","FOREST HILLS, NY",Termination via Mass Mod,2/25/2025,"5,070",598284.0
NATURAL RESOURCES CONSERVATION SERVICE,"MISSOULA, MT",Termination via Mass Mod,2/26/2025,"8,310",575216.0
FEDERAL RAILROAD ADMINISTRATION,"FORT WORTH, TX",Termination via Mass Mod,2/28/2025,"5,835",569522.0
FEDERAL ENERGY REGULATORY COMMISSION,"DULUTH, GA",Termination via Mass Mod,2/25/2025,"8,574",568679.0
NATURAL RESOURCES CONSERVATION SERVICE,"WASILLA, AK",Termination via Mass Mod,2/25/2025,"4,200",565024.0
EQUAL EMPLOYMENT OPPORTUNITY COMMISSION,"KANSAS CITY, KS",Termination via Mass Mod,2/25/2025,"14,046",560778.0
OFFICE OF SURFACE MINING AND REGULATION ENFORCEMENT,"LEXINGTON-FAYETTE, KY",Termination via Mass Mod,2/25/2025,"9,600",557994.0
ANIMAL AND PLANT HEALTH INSPECTION SERVICE,"HATO REY, PR",Termination via Mass Mod,2/25/2025,"20,683",552319.0
FEDERAL HIGHWAY ADMINISTRATION,"LOS ANGELES, CA",Termination via Mass Mod,2/25/2025,"7,100",552270.0
UNITED STATES FISH AND WILDLIFE SERVICE,"MADISON, WI",Termination via Mass Mod,3/3/2025,"7,125",546632.0
ALLOWANCE TO FORMER PRESIDENTS,"ATLANTA, GA",True Termination- Agency Closed Office,2/13/2025,"7,682",545957.0
FEDERAL HIGHWAY ADMINISTRATION,"ST. PAUL, MN",Termination via Mass Mod,2/28/2025,"4,246",535585.0
UNITED STATES FISH AND WILDLIFE SERVICE,"BLOOMINGTON, IN",Termination via Mass Mod,3/4/2025,"9,400",532906.0
FARM SERVICE AGENCY- STATE,"HATO REY, PR",Termination via Mass Mod,2/25/2025,"14,875",528245.0
UNITED STATES FISH AND WILDLIFE SERVICE,"WINONA, MN",Termination via Mass Mod,3/3/2025,"6,827",523254.0
NATURAL RESOURCES CONSERVATION SERVICE,"SYRACUSE, NY",Termination via Mass Mod,2/26/2025,"33,548",519743.0
GEOLOGICAL SURVEY,"GOLDEN, CO",Termination via Mass Mod,2/28/2025,"8,219",517963.0
FEDERAL MEDIATION AND CONCILIATION SERVICE,"INDEPENDENCE, OH",Termination via Mass Mod,2/26/2025,"6,609",517412.0
FOOD AND DRUG ADMINISTRATION,"WAUWATOSA, WI",Termination via Mass Mod,2/26/2025,"6,757",513869.0
UNITED STATES FISH AND WILDLIFE SERVICE,"RICHMOND, VA",Termination via Mass Mod,3/3/2025,"4,380",513089.0
SMALL BUSINESS ADMINISTRATION,"COLUMBUS, OH",Termination via Mass Mod,2/26/2025,"6,721",495935.0
BUREAU OF RECLAMATION,"DURANGO, CO",Termination via Mass Mod,2/28/2025,"8,900",493712.0
UNITED STATES FISH AND WILDLIFE SERVICE,"GLOUCESTER, VA",Termination via Mass Mod,3/3/2025,"11,281",493494.0
UNITED STATES TRUSTEES,"BUFFALO, NY",Termination via Mass Mod,2/26/2025,"5,109",491854.0
NATIONAL OCEANIC ATMOSPHERIC ADMINISTRATION,"IDAHO FALLS, ID",Termination via Mass Mod,2/25/2025,"13,681",488672.0
INDIAN HEALTH SERVICE NAVAJO,"FARMINGTON, NM",Termination via Mass Mod,2/24/2025,"2,000",488193.0
NATURAL RESOURCES CONSERVATION SERVICE,"GALLATIN, TN",Termination via Mass Mod,2/26/2025,"6,017",486499.0
MINE SAFETY HEALTH ADMINISTRATION,"WAYNESBURG, PA",Termination via Mass Mod,2/26/2025,"8,233",484914.0
GEOLOGICAL SURVEY,"NEW CUMBERLAND, PA",Termination via Mass Mod,2/25/2025,"30,279",484176.0
NATURAL RESOURCES CONSERVATION SERVICE,"LOGAN, UT",Termination via Mass Mod,2/26/2025,"7,500",481550.0
"EMPLOYMENT STANDARDS ADMINISTRATION, WAGE AND HOUR DIVI","RALEIGH, NC",Termination via Mass Mod,2/25/2025,"5,641",480925.0
NATIONAL LABOR RELATIONS BOARD,"MEMPHIS, TN",Termination via Mass Mod,3/4/2025,"2,962",479905.0
UNITED STATES FISH AND WILDLIFE SERVICE,"WEST VALLEY CITY, UT",Termination via Mass Mod,2/28/2025,"8,482",475930.0
FOOD AND DRUG ADMINISTRATION,"SALT LAKE CITY, UT",Soft Term Terminations via PBS Commissioner Letter 2.25.25,3/12/2025,"6,300",475881.0
FEDERAL MOTOR CARRIER SAFETY ADMINISTRATION,"PRINCETON, NJ",Termination via Mass Mod,2/26/2025,"3,780",472706.0
FARM SERVICE AGENCY - COUNTY,"PONCE, PR",Termination via Mass Mod,2/26/2025,"3,218",469173.0
FEDERAL COMMUNICATIONS COMMISSION,"CERRITOS, CA",Termination via Mass Mod,2/26/2025,"3,680",463863.0
MINE SAFETY HEALTH ADMINISTRATION,"ELKO, NV",Termination via Mass Mod,3/4/2025,"3,192",460414.0
INTERNATIONAL TRADE ADMINISTRATION,"MIDDLETOWN, CT",Termination via Mass Mod,2/25/2025,"2,730",454792.0
MINE SAFETY HEALTH ADMINISTRATION,"PRESTONSBURG, KY",Termination via Mass Mod,2/25/2025,"7,378",454324.0
NATURAL RESOURCES CONSERVATION SERVICE,"ARECIBO, PR",Termination via Mass Mod,2/25/2025,"4,360",451916.0
OCCUPATIONAL SAFETY AND HEALTH ADMINISTRATION,"HASBROUCK HEIGHTS, NJ",Termination via Mass Mod,3/4/2025,"5,638",451487.0
VBA,"RANCHO CORDOVA, CA",True Termination- Agency Closed Office,2/11/2025,"18,414",442710.0
MINE SAFETY HEALTH ADMINISTRATION,"ST. CLAIRSVILLE, OH",Termination via Mass Mod,2/26/2025,"8,275",437697.0
BUREAU OF PRISONS,"ATLANTA, GA",Termination via Mass Mod,2/26/2025,"34,146",430680.0
OCCUPATIONAL SAFETY AND HEALTH ADMINISTRATION,"NAPERVILLE, IL",Termination via Mass Mod,2/25/2025,"4,787",428535.0
PIPELINE & HAZARDOUS MATERIALS SAFETY ADMIN (PHMSA),"ONTARIO, CA",Termination via Mass Mod,2/25/2025,"8,559",427340.0
GEOLOGICAL SURVEY,"HURON, SD",Termination via Mass Mod,2/25/2025,"10,882",422890.0
FOOD AND DRUG ADMINISTRATION,"IRVING, TX",Termination via Mass Mod,2/25/2025,"5,788",421110.0
ANIMAL AND PLANT HEALTH INSPECTION SERVICE,"UXBRIDGE, MA",Termination via Mass Mod,2/26/2025,"4,852",420911.0
FEDERAL HIGHWAY ADMINISTRATION,"EWING TOWNSHIP, NJ",Termination via Mass Mod,2/25/2025,"7,646",418843.0
NATURAL RESOURCES CONSERVATION SERVICE,"GALLUP, NM",Termination via Mass Mod,2/25/2025,"2,499",416316.0
OCCUPATIONAL SAFETY AND HEALTH ADMINISTRATION,"SAVANNAH, GA",Termination via Mass Mod,2/25/2025,"4,606",415592.0
SMALL BUSINESS ADMINISTRATION,"KANSAS CITY, MO",Termination via Mass Mod,2/26/2025,"9,549",414660.0
UNITED STATES TRUSTEES,"SAN JUAN, PR",Termination via Mass Mod,3/4/2025,"5,918",410554.0
UNITED STATES FISH AND WILDLIFE SERVICE,"PALM SPRINGS, CA",Termination via Mass Mod,3/4/2025,"5,310",410468.0
FEDERAL HIGHWAY ADMINISTRATION,"MADISON, WI",Termination via Mass Mod,2/26/2025,"6,254",408205.0
UNITED STATES TRUSTEES,"RIVERSIDE, CA",Termination via Mass Mod,2/25/2025,"5,938",407373.0
MINE SAFETY HEALTH ADMINISTRATION,"SUMMERSVILLE, WV",Termination via Mass Mod,2/26/2025,"5,020",403034.0
GEOLOGICAL SURVEY,"BOULDER, CO","Termination details are still being finalized. The lessor and customer have been notified, and the strategy is under development.",2/20/2025,"3,830",399788.0
MINE SAFETY HEALTH ADMINISTRATION,"HARLAN, KY",Termination via Mass Mod,2/25/2025,"7,342",393614.0
NATURAL RESOURCES CONSERVATION SERVICE,"YUMA, AZ",Termination via Mass Mod,2/25/2025,"4,541",391660.0
RURAL HOUSING SERVICE,"MT LAUREL, NJ",Termination via Mass Mod,2/26/2025,"7,111",387365.0
NATIONAL LABOR RELATIONS BOARD,"LOS ANGELES, CA",Termination via Mass Mod,2/25/2025,"20,885",387028.0
AGRICULTURAL MARKETING SERVICE,"EVERETT, MA",Termination via Mass Mod,2/24/2025,"2,789",384692.0
EQUAL EMPLOYMENT OPPORTUNITY COMMISSION,"GREENVILLE, SC",Termination via Mass Mod,2/25/2025,"4,989",380916.0
UNITED STATES FISH AND WILDLIFE SERVICE,"BISMARCK, ND",Termination via Mass Mod,2/25/2025,"21,372",377384.0
"CORPS OF ENGINEERS, CIVIL","GRIFFITH, IN",Termination via Mass Mod,2/25/2025,"3,170",370670.0
MINE SAFETY HEALTH ADMINISTRATION,"BARBOURVILLE, KY",Termination via Mass Mod,2/25/2025,"17,709",370008.0
FARM SERVICE AGENCY - COUNTY,"BAKERSFIELD, CA",Termination via Mass Mod,2/26/2025,"7,306",369855.0
FOREST SERVICE,"MESA, AZ",Termination via Mass Mod,2/25/2025,"7,500",367792.0
DEPARTMENTAL MANAGEMENT (IG),"MONTEREY PARK, CA",Termination via Mass Mod,2/25/2025,"6,917",361895.0
DEPARTMENTAL MANAGEMENT (IG),"EDISON, NJ",Termination via Mass Mod,2/26/2025,"4,160",360420.0
DEPARTMENTAL MANAGEMENT (IG),"SAN ANTONIO, TX",Termination via Mass Mod,2/25/2025,"2,149",359937.0
OCCUPATIONAL SAFETY AND HEALTH ADMINISTRATION,"TINLEY PARK, IL",Termination via Mass Mod,2/25/2025,"7,010",358625.0
EQUAL EMPLOYMENT OPPORTUNITY COMMISSION,"GREENSBORO, NC",Early Termination,2/24/2025,"5,846",357127.0
NATIONAL APPEALS DIVISION,"MEMPHIS, TN",Termination via Mass Mod,2/26/2025,"3,398",354710.0
FOOD AND DRUG ADMINISTRATION,"LISLE, IL",Termination via Mass Mod,2/28/2025,"13,104",353438.0
NATIONAL PARK SERVICE,"FORT PAYNE, AL",Termination via Mass Mod,2/28/2025,"5,300",348449.0
INTERNATIONAL TRADE ADMINISTRATION,"DENVER, CO",Termination via Mass Mod,2/26/2025,"3,885",344190.0
MINE SAFETY HEALTH ADMINISTRATION,"VACAVILLE, CA",Termination via Mass Mod,2/25/2025,"11,014",341351.0
FOOD AND DRUG ADMINISTRATION,"SAN DIEGO, CA",Termination via Mass Mod,2/28/2025,"6,374",339820.0
UNITED STATES FISH AND WILDLIFE SERVICE,"GAHANNA, OH",Termination via Mass Mod,2/25/2025,"5,292",339811.0
FEDERAL MEDIATION AND CONCILIATION SERVICE,"ST. LOUIS, MO",True Termination- Agency Closed Office,2/21/2025,"4,237",337639.0
DOD JTO,"ALBUQUERQUE, NM",True Termination- Consolidation,2/5/2025,"5,624",336585.0
RURAL HOUSING SERVICE,"CHRISTIANSTED, VI",Termination via Mass Mod,2/25/2025,"4,439",336499.0
UNITED STATES FISH AND WILDLIFE SERVICE,"ANN ARBOR, MI",Termination via Mass Mod,3/3/2025,"4,800",336220.0
"CORPS OF ENGINEERS, CIVIL","APPLE VALLEY, CA",Termination via Mass Mod,2/25/2025,"3,755",328269.0
BUREAU OF THE CENSUS,"TUCSON, AZ",Termination via Mass Mod,2/26/2025,"7,335",327331.0
SMALL BUSINESS ADMINISTRATION,"CLEVELAND, OH",Termination via Mass Mod,2/28/2025,"5,722",322895.0
SMALL BUSINESS ADMINISTRATION,"SIOUX FALLS, SD",Termination via Mass Mod,2/25/2025,"3,810",320718.0
MINE SAFETY HEALTH ADMINISTRATION,"MESA, AZ",Termination via Mass Mod,3/4/2025,"4,384",315648.0
BUREAU OF RECLAMATION,"TEMECULA, CA",Termination via Mass Mod,2/25/2025,"3,531",315284.0
ANIMAL AND PLANT HEALTH INSPECTION SERVICE,"TOPEKA, KS",Termination via Mass Mod,2/25/2025,"10,187",313725.0
UNITED STATES FISH AND WILDLIFE SERVICE,"DAPHNE, AL",Termination via Mass Mod,2/25/2025,"7,087",313660.0
ALCOHOL AND TOBACCO TAX AND TRADE BUREAU,"GREENSBORO, NC",Termination via Mass Mod,3/4/2025,"2,696",312423.0
FOOD AND DRUG ADMINISTRATION,"WILMINGTON, DE",Termination via Mass Mod,2/26/2025,"3,464",310982.0
ENVIRONMENTAL PROTECTION AGENCY,"STAMFORD, CT",Termination via Mass Mod,2/24/2025,"1,380",308951.0
EQUAL EMPLOYMENT OPPORTUNITY COMMISSION,"EL PASO, TX",Termination via Mass Mod,2/25/2025,"7,973",306476.0
MINE SAFETY HEALTH ADMINISTRATION,"HAZARD, KY",Termination via Mass Mod,2/25/2025,"8,836",305913.0
FARM SERVICE AGENCY - COUNTY,"LARES, PR",Termination via Mass Mod,2/26/2025,"2,700",305471.0
NATURAL RESOURCES CONSERVATION SERVICE,"PUYALLUP, WA",Termination via Mass Mod,2/25/2025,"2,930",305225.0
OCCUPATIONAL SAFETY AND HEALTH ADMINISTRATION,"AVENEL, NJ",Termination via Mass Mod,2/26/2025,"4,968",299671.0
NATIONAL PARK SERVICE,"NEW ORLEANS, LA",Termination via Mass Mod,2/25/2025,"2,139",297379.0
SMALL BUSINESS ADMINISTRATION,"BALTIMORE, MD",Termination via Mass Mod,2/26/2025,"6,160",297192.0
"EMPLOY. STANDARDS ADMIN., OFC OF WORKERS' COMP. PRGMS","LAS VEGAS, NV",Termination via Mass Mod,3/4/2025,"1,513",295651.0
FARM SERVICE AGENCY - COUNTY,"WATERTOWN, SD","Termination details are still being finalized. The lessor and customer have been notified, and the strategy is under development.",2/20/2025,"7,869",294482.0
"EMPLOYMENT STANDARDS ADMINISTRATION, WAGE AND HOUR DIVI","LAWRENCEVILLE, NJ",Termination via Mass Mod,2/26/2025,"3,420",293434.0
FOOD AND DRUG ADMINISTRATION,"TALLAHASSEE, FL",Termination via Mass Mod,2/26/2025,"1,440",291438.0
UNITED STATES FISH AND WILDLIFE SERVICE,"MADISON, WI",True Termination- Agency Closed Office,2/4/2025,"2,871",290868.0
RAILROAD RETIREMENT BOARD,"COVINA, CA",Termination via Mass Mod,2/25/2025,"2,270",290631.0
RAILROAD RETIREMENT BOARD,"ALTOONA, PA",Termination via Mass Mod,3/4/2025,"2,541",289570.0
"EMPLOY. STANDARDS ADMIN., OFC OF CONTRACT COMPLIANCE PR","ORANGE, CA",Termination via Mass Mod,2/25/2025,"2,082",287637.0
NATURAL RESOURCES CONSERVATION SERVICE,"GREENWOOD, MS",Termination via Mass Mod,2/25/2025,"7,500",287449.0
FEDERAL MOTOR CARRIER SAFETY ADMINISTRATION,"SALEM, OR",Termination via Mass Mod,2/25/2025,"2,200",285097.0
ID FISH&WLF SRVC,"MCALLEN, TX",True Termination- Agency Closed Office,2/6/2025,"2,597",284746.0
FEDERAL RAILROAD ADMINISTRATION,"WILMINGTON, DE",Termination via Mass Mod,2/26/2025,"2,950",280575.0
FEDERAL LABOR RELATIONS AUTHORITY,"CHICAGO, IL",Termination via Mass Mod,2/28/2025,"4,651",277279.0
FOOD AND DRUG ADMINISTRATION,"WARWICK, RI",Termination via Mass Mod,2/25/2025,"4,215",276768.0
FOOD AND DRUG ADMINISTRATION,"LOUISVILLE, KY",Termination via Mass Mod,2/28/2025,"3,938",275464.0
FOOD AND DRUG ADMINISTRATION,"MADISON, WI",Termination via Mass Mod,2/26/2025,"2,975",272995.0
NATIONAL INDIAN GAMING COMMISSION,"RAPID CITY, SD",Termination via Mass Mod,2/28/2025,"1,518",267482.0
MINE SAFETY HEALTH ADMINISTRATION,"SAN ANTONIO, TX",Termination via Mass Mod,2/26/2025,"4,153",265960.0
MINE SAFETY HEALTH ADMINISTRATION,"VINCENNES, IN",Termination via Mass Mod,2/28/2025,"17,029",264633.0
SOCIAL SECURITY ADMINISTRATION,"MELBOURNE, FL",True Termination- Agency Closed Office,2/20/2025,"1,415",263973.0
MINE SAFETY HEALTH ADMINISTRATION,"HEBRON, OH",Termination via Mass Mod,2/26/2025,"3,682",261362.0
NATURAL RESOURCES CONSERVATION SERVICE,"CONWAY, AR",Termination via Mass Mod,2/25/2025,"5,171",258540.0
BUREAU OF INDIAN AFFAIRS,"ELKO, NV",Termination via Mass Mod,2/25/2025,"4,760",257924.0
BUREAU OF INDIAN AFFAIRS,"ST. GEORGE, UT","Termination details are still being finalized. The lessor and customer have been notified, and the strategy is under development.",2/20/2025,750,253381.0
UNITED STATES FISH AND WILDLIFE SERVICE,"FALMOUTH, ME",Termination via Mass Mod,2/25/2025,"2,999",251897.0
RURAL HOUSING SERVICE,"OCALA, FL",Termination via Mass Mod,2/25/2025,"5,591",250907.0
NATIONAL PARK SERVICE,"VENTURA, CA",Termination via Mass Mod,2/25/2025,"10,855",250438.0
FEDERAL MOTOR CARRIER SAFETY ADMINISTRATION,"CHARLESTON, WV",Termination via Mass Mod,2/28/2025,"1,692",245978.0
EQUAL EMPLOYMENT OPPORTUNITY COMMISSION,"MOBILE, AL",True Termination- Agency Closed Office,2/21/2025,"5,118",244009.0
FEDERAL COMMUNICATIONS COMMISSION,"DALLAS, TX",Termination via Mass Mod,2/26/2025,"2,077",240360.0
OCCUPATIONAL SAFETY AND HEALTH ADMINISTRATION,"LINTHICUM HEIGHTS, MD",Termination via Mass Mod,2/28/2025,"3,500",240082.0
FAS- OFFICE SPAC,"O'FALLON, IL",True Termination- Agency Closed Office,1/22/2025,"4,599",239747.0
GEOLOGICAL SURVEY,"SANTA MARIA, CA",True Termination- Agency Direct Lease,2/7/2025,"6,440",237027.0
OFFICE OF INSPECTOR GENERAL,"VENTNOR CITY, NJ",Termination via Mass Mod,2/24/2025,"1,018",236414.0
OFFICE OF THE INSPECTOR GENERAL,"JACKSON, MS",Termination via Mass Mod,2/25/2025,"3,043",234271.0
DEPARTMENTAL MANAGEMENT (IG),"CLEVELAND, OH",Termination via Mass Mod,2/26/2025,"2,287",233580.0
"EMPLOYMENT STANDARDS ADMINISTRATION, WAGE AND HOUR DIVI","MANCHESTER, NH",Termination via Mass Mod,2/25/2025,"3,201",231664.0
GEOLOGICAL SURVEY,"DOWNINGTOWN, PA",Termination via Mass Mod,2/25/2025,"5,452",231608.0
UNITED STATES FISH AND WILDLIFE SERVICE,"LAREDO, TX",Termination via Mass Mod,2/28/2025,"2,645",231567.0
NATIONAL PARK SERVICE,"NAPLES, FL",Termination via Mass Mod,2/25/2025,"4,862",230070.0
MINE SAFETY HEALTH ADMINISTRATION,"PORTSMOUTH, NH",Termination via Mass Mod,2/25/2025,"3,161",226212.0
NATIONAL OCEANIC ATMOSPHERIC ADMINISTRATION,"PORT ANGELES, WA",Termination via Mass Mod,2/25/2025,"4,556",225453.0
AGRICULTURAL MARKETING SERVICE,"IDAHO FALLS, ID",Terminating to align with the adminstrations reduction goals,3/13/2025,"1,920",225272.0
FED MED & CONCIL SRV,"PHOENIX, AZ",True Termination- Vacant Space Buyout,1/30/25,"2,193",224948.0
UNITED STATES FISH AND WILDLIFE SERVICE,"CHELSEA, MA",Termination via Mass Mod,3/3/2025,"2,500",224413.0
FAS REG 09 MAINTENANCE CONTROL CENTER,"LOMPOC, CA",Termination via Mass Mod,2/25/2025,"5,400",223142.0
MINE SAFETY HEALTH ADMINISTRATION,"ALBANY, NY",Termination via Mass Mod,2/26/2025,"4,454",222905.0
OFFICE OF INSPECTOR GENERAL,"KING OF PRUSSIA, PA",Termination via Mass Mod,2/26/2025,"3,109",222556.0
FOOD AND DRUG ADMINISTRATION,"BALTIMORE, MD",Termination via Mass Mod,2/26/2025,"3,090",219115.0
OFFICE OF THE SECRETARY,"ATLANTA, GA",Termination via Mass Mod,2/28/2025,"25,422",218858.0
MINE SAFETY HEALTH ADMINISTRATION,"LONGVIEW, TX",Termination via Mass Mod,2/26/2025,"2,400",217163.0
FEDERAL HIGHWAY ADMINISTRATION,"SAN JUAN, PR",Termination via Mass Mod,2/25/2025,"4,951",215588.0
FARM SERVICE AGENCY - COUNTY,"PARAGOULD, AR",Termination via Mass Mod,2/25/2025,"4,900",213956.0
"EMPLOY. STANDARDS ADMIN., OFC OF WORKERS' COMP. PRGMS","OAK RIDGE, TN",Termination via Mass Mod,3/4/2025,"2,164",212288.0
FOOD AND DRUG ADMINISTRATION,"EAST PROVIDENCE, RI",Termination via Mass Mod,2/25/2025,"2,400",212006.0
MINE SAFETY HEALTH ADMINISTRATION,"KNOXVILLE, TN",Termination via Mass Mod,2/26/2025,"2,969",208479.0
DEPARTMENTAL MANAGEMENT (IG),"GRAND RAPIDS, MI",Termination via Mass Mod,2/26/2025,"2,145",205551.0
NATURAL RESOURCES CONSERVATION SERVICE,"SAIPAN ISLAND, MP",Termination via Mass Mod,2/25/2025,"3,600",204865.0
INTERNATIONAL TRADE ADMINISTRATION,"WHITE PLAINS, NY",Termination via Mass Mod,2/26/2025,"2,071",203531.0
GEOLOGICAL SURVEY,"SAN ANGELO, TX",Termination via Mass Mod,2/25/2025,"7,510",201554.0
FARM SERVICE AGENCY - COUNTY,"GONZALES, TX",Termination via Mass Mod,2/26/2025,"2,675",201387.0
DEPARTMENTAL MANAGEMENT (IG),"SAN JUAN, PR",Termination via Mass Mod,2/25/2025,"4,573",201064.0
SAVANNAH RIVER OPERATIONS OFFICE,"AIKEN, SC",True Termination- Agency Closed Office,2/24/2025,"2,250",200712.0
BUREAU OF INDIAN AFFAIRS,"SEMINOLE, OK",Termination via Mass Mod,2/25/2025,"9,825",199957.0
NATIONAL OCEANIC ATMOSPHERIC ADMINISTRATION,"NARRAGANSETT PIER, RI",Termination via Mass Mod,2/26/2025,674,197992.0
SOCIAL SECURITY ADMINISTRATION,"JONESBORO, AR",Agency approved lease termination,2/24/2025,"2,340",197132.0
OCCUPATIONAL SAFETY AND HEALTH ADMINISTRATION,"WILMINGTON, DE",Termination via Mass Mod,2/26/2025,"2,099",196294.0
USA AFR,"MIDDLEBURG HEIGHTS, OH",True Termination- Agency Closed Office,1/29/2025,"5,421",193136.0
NATIONAL PARK SERVICE,"ST. PAUL, MN",Termination via Mass Mod,2/28/2025,"9,834",192905.0
INDIAN HEALTH SERVICE-CALIFORNIA,"UKIAH, CA",Termination via Mass Mod,2/26/2025,"1,848",192475.0
U.S. IMMIGRATION & CUSTOMS ENFORCEMENT (ICE),"ROCK ISLAND, IL",Agency moving to Rock Island Leased Courthouse,2/19/2025,"10,895",192352.0
DEPARTMENTAL MANAGEMENT (IG),"LOUISVILLE, KY",Termination via Mass Mod,2/26/2025,"2,463",191830.0
INTERNAL REVENUE SERVICE NATIONAL OFFICE,"SALINA, KS",Termination via Mass Mod,2/28/2025,"2,203",186182.0
NATIONAL PARK SERVICE,"VALENTINE, NE",Termination via Mass Mod,2/28/2025,"6,234",185328.0
NATIONAL PARK SERVICE,"HAGATNA, GU",Termination via Mass Mod,2/25/2025,"6,959",185296.0
INDIAN HEALTH SERVICE-BEMIDJI,"BEMIDJI, MN",Termination via Mass Mod,2/25/2025,"4,896",180144.0
NATIONAL OCEANIC ATMOSPHERIC ADMINISTRATION,"WALL TOWNSHIP, NJ",Termination via Mass Mod,2/26/2025,"1,768",179487.0
INTERNATIONAL TRADE ADMINISTRATION,"ARLINGTON, VA",Termination via Mass Mod,2/26/2025,"2,605",176532.0
MINE SAFETY HEALTH ADMINISTRATION,"BEAVER DAM, KY",Termination via Mass Mod,2/25/2025,"2,814",172690.0
NATIONAL LABOR RELATIONS BOARD,"MILWAUKEE, WI",Termination via Mass Mod,2/28/2025,"10,226",172300.0
NATURAL RESOURCES CONSERVATION SERVICE,"ST. JOHNSBURY, VT",Termination via Mass Mod,2/24/2025,"5,712",170306.0
BUREAU OF INDIAN AFFAIRS,"PAWNEE, OK",Termination via Mass Mod,2/25/2025,"7,549",169007.0
MINE SAFETY HEALTH ADMINISTRATION,"RAPID CITY, SD",Termination via Mass Mod,2/26/2025,"3,098",168523.0
NATURAL RESOURCES CONSERVATION SERVICE,"RENTON, WA",Termination via Mass Mod,2/26/2025,"1,451",166171.0
OFFICE OF THE SECRETARY,"SIOUX FALLS, SD",Termination via Mass Mod,2/24/2025,"2,553",164272.0
"EMPLOYMENT STANDARDS ADMINISTRATION, WAGE AND HOUR DIVI","SAVANNAH, GA",Termination via Mass Mod,2/26/2025,"1,848",163519.0
"EMPLOYMENT STANDARDS ADMINISTRATION, WAGE AND HOUR DIVI","SAN ANTONIO, TX",Termination via Mass Mod,2/25/2025,"5,036",162973.0
OFFICE OF THE SECRETARY,"ATLANTA, GA",Termination via Mass Mod,2/26/2025,"3,354",162820.0
NATURAL RESOURCES CONSERVATION SERVICE,"GOLDSBORO, NC",Termination via Mass Mod,2/25/2025,"5,881",162208.0
UNITED STATES TRUSTEES,"PEORIA, IL",Termination via Mass Mod,2/25/2025,"5,898",161681.0
FEDERAL MOTOR CARRIER SAFETY ADMINISTRATION,"MONTGOMERY, AL",Termination via Mass Mod,2/26/2025,"2,662",158626.0
OCCUPATIONAL SAFETY AND HEALTH ADMINISTRATION,"OKLAHOMA CITY, OK",Termination via Mass Mod,2/25/2025,"6,401",156666.0
GEOLOGICAL SURVEY,"DOVER, DE",Termination via Mass Mod,2/25/2025,"5,724",156034.0
FOOD SAFETY AND INSPECTION SERVICE,"RIDGELAND, MS",Termination via Mass Mod,2/25/2025,"7,277",156008.0
RURAL HOUSING SERVICE,"TOPEKA, KS",Termination via Mass Mod,2/26/2025,"10,020",153470.0
NATIONAL PARK SERVICE,"LOWELL, MA",True Termination- Agency Closed Office,2/24/2025,"3,900",152377.0
ANIMAL AND PLANT HEALTH INSPECTION SERVICE,"BALTIMORE, MD",Termination via Mass Mod,2/25/2025,"3,404",151454.0
RURAL HOUSING SERVICE,"HARRISBURG, PA",Termination via Mass Mod,2/24/2025,"34,467",150708.0
ENVIRONMENTAL PROTECTION AGENCY,"CHARLOTTE, NC",Termination via Mass Mod,2/26/2025,"2,154",150677.0
NATIONAL OCEANIC ATMOSPHERIC ADMINISTRATION,"HILO, HI",Termination via Mass Mod,2/25/2025,"4,638",150429.0
PUBLIC BUILDINGS SERVICE-FIELD OFFICE,"SPRINGFIELD, IL",True Termination- Move to Federal Space,1/30/25,"3,860",150406.0
ID GEOLOGICAL SURVEY,"EL PASO, TX",True Termination- Move to Federal Space,2/6/2025,"3,409",150373.0
INDIAN HEALTH SERVICE-PHOENIX,"ELKO, NV",Termination via Mass Mod,2/25/2025,853,148731.0
SMALL BUSINESS ADMINISTRATION,"WILMINGTON, DE",Termination via Mass Mod,2/25/2025,"3,390",148300.0
"EMPLOYMENT STANDARDS ADMINISTRATION, WAGE AND HOUR DIVI","SPRINGFIELD, IL",Termination via Mass Mod,2/26/2025,"2,128",148182.0
OFFICE OF LABOR MANAGEMENT STANDARDS,"CINCINNATI, OH",Termination via Mass Mod,2/25/2025,"4,449",146505.0
OFFICE OF HEARING AND APPEALS,"RAPID CITY, SD",Termination via Mass Mod,2/28/2025,"2,252",146330.0
NATURAL RESOURCES CONSERVATION SERVICE,"WOODLAND, CA",Termination via Mass Mod,2/25/2025,"5,240",146276.0
FEDERAL MOTOR CARRIER SAFETY ADMINISTRATION,"OLYMPIA, WA",Termination via Mass Mod,2/26/2025,"2,069",145639.0
OCCUPATIONAL SAFETY AND HEALTH ADMINISTRATION,"OVERLAND PARK, KS",Termination via Mass Mod,2/25/2025,"2,014",145331.0
UNITED STATES FISH AND WILDLIFE SERVICE,"JACKSONVILLE, FL",Termination via Mass Mod,3/3/2025,"2,700",145287.0
DEPARTMENTAL MANAGEMENT (IG),"MADISON, WI",Termination via Mass Mod,2/26/2025,"1,486",144941.0
FEDERAL MOTOR CARRIER SAFETY ADMINISTRATION,"MADISON, WI",Termination via Mass Mod,2/26/2025,"2,477",141656.0
GEOLOGICAL SURVEY,"WILLIAMSPORT, PA",Termination via Mass Mod,2/25/2025,"4,839",141244.0
"EMPLOYMENT STANDARDS ADMINISTRATION, WAGE AND HOUR DIVI","INDIANAPOLIS, IN",Termination via Mass Mod,3/4/2025,"2,409",140665.0
FEDERAL MEDIATION AND CONCILIATION SERVICE,"COLLIERVILLE, TN",True Termination- Agency Closed Office,2/21/2025,"2,190",139779.0
BUREAU OF INDIAN AFFAIRS,"FORT THOMPSON, SD",Termination via Mass Mod,2/25/2025,"4,870",139764.0
"CORPS OF ENGINEERS, CIVIL","BOUNTIFUL, UT",Termination via Mass Mod,2/26/2025,"2,961",137974.0
OFFICE OF THE INSPECTOR GENERAL,"KING OF PRUSSIA, PA",Termination via Mass Mod,2/26/2025,"3,173",137401.0
SOCIAL SECURITY ADMINISTRATION,"CARLSBAD, CA",True Termination- Consolidation,2/4/2025,"3,579",134634.0
NATURAL RESOURCES CONSERVATION SERVICE,"PORTLAND, OR",Termination via Mass Mod,2/25/2025,"4,987",134504.0
ANIMAL AND PLANT HEALTH INSPECTION SERVICE,"HOUSTON, TX",Termination via Mass Mod,2/25/2025,"2,520",134452.0
DEPARTMENTAL MANAGEMENT (IG),"SIOUX FALLS, SD",Termination via Mass Mod,2/28/2025,"1,217",131771.0
NATURAL RESOURCES CONSERVATION SERVICE,"YREKA, CA",True Termination: Agency Approved Termination,2/20/2025,"6,242",129242.0
FOOD AND DRUG ADMINISTRATION,"SAN JOSE, CA",Termination via Mass Mod,2/26/2025,"4,859",127524.0
FEDERAL MOTOR CARRIER SAFETY ADMINISTRATION,"EAST PROVIDENCE, RI",Termination via Mass Mod,2/26/2025,"1,556",126503.0
INTERNAL REVENUE SERVICE NATIONAL OFFICE,"BIRMINGHAM, AL",Termination via Mass Mod,2/25/2025,"7,580",126156.0
BUREAU OF PRISONS,"PHILADELPHIA, PA",Termination via Mass Mod,2/26/2025,"4,962",124626.0
UNITED STATES TRUSTEES,"NEWARK, NJ",Termination via Mass Mod,2/26/2025,"13,922",124298.0
NATIONAL PARK SERVICE,"GRANTS, NM",Termination via Mass Mod,2/25/2025,"9,574",124240.0
MINE SAFETY HEALTH ADMINISTRATION,"SAN BERNARDINO, CA",Termination via Mass Mod,2/26/2025,"4,294",123117.0
MINE SAFETY HEALTH ADMINISTRATION,"ALBANY, OR",Termination via Mass Mod,2/25/2025,"3,618",122506.0
UNITED STATES FISH AND WILDLIFE SERVICE,"PANAMA CITY, FL",Termination via Mass Mod,3/3/2025,"13,000",122254.0
OFFICE OF INSPECTOR GENERAL,"MOUNTAINSIDE, NJ",Termination via Mass Mod,2/26/2025,"3,451",122167.0
OFFICE OF THE SECRETARY,"CHARLESTON, WV",Termination via Mass Mod,2/26/2025,"3,122",119803.0
INTERNAL REVENUE SERVICE NATIONAL OFFICE,"GAINESVILLE, FL",Termination via Mass Mod,2/25/2025,"2,397",118765.0
OCCUPATIONAL SAFETY AND HEALTH ADMINISTRATION,"BATON ROUGE, LA",Termination via Mass Mod,2/25/2025,"8,041",116579.0
FARM SERVICE AGENCY- STATE,"MAYAGUEZ, PR",Termination via Mass Mod,2/25/2025,"2,678",116144.0
MINE SAFETY HEALTH ADMINISTRATION,"GENEVA, NY",Termination via Mass Mod,2/26/2025,"4,046",115684.0
FEDERAL MOTOR CARRIER SAFETY ADMINISTRATION,"NOGALES, AZ",Termination via Mass Mod,2/25/2025,"2,506",114001.0
NATIONAL PARK SERVICE,"ST. PAUL, MN",Termination via Mass Mod,3/3/2025,"2,863",113878.0
NATIONAL LABOR RELATIONS BOARD,"BIRMINGHAM, AL",True Termination- Move to Federal Space,2/5/2025,"3,853",113412.0
OFFICE OF THE SECRETARY,"LOUISVILLE, KY",Termination via Mass Mod,2/26/2025,"2,184",112831.0
INTERNAL REVENUE SERVICE NATIONAL OFFICE,"KNOXVILLE, TN",Termination via Mass Mod,2/25/2025,"3,703",109641.0
"EMPLOYMENT STANDARDS ADMINISTRATION, WAGE AND HOUR DIVI","MOBILE, AL",Termination via Mass Mod,2/25/2025,"2,200",108696.0
RAILROAD RETIREMENT BOARD,"JACKSONVILLE, FL",Termination via Mass Mod,2/28/2025,"2,307",108400.0
UNITED STATES FISH AND WILDLIFE SERVICE,"GRAND JUNCTION, CO",True Termination- Agency Closed Office,2/24/2025,"1,444",106286.0
OCCUPATIONAL SAFETY AND HEALTH ADMINISTRATION,"INDEPENDENCE, OH",Termination via Mass Mod,2/28/2025,"6,573",105838.0
FARM SERVICE AGENCY - COUNTY,"MONTICELLO, UT",Termination via Mass Mod,2/24/2025,"4,233",104992.0
OFFICE OF ADMINISTRATIVE LAW JUDGES,"NEW LONDON, CT",Termination via Mass Mod,2/24/2025,"1,303",104502.0
SMALL BUSINESS ADMINISTRATION,"MADISON, WI",Termination via Mass Mod,3/4/2025,"3,686",103820.0
FEDERAL TRADE COMMISSION,"CLEVELAND, OH",Termination via Mass Mod,2/25/2025,"9,340",102069.0
"EMPLOY. STANDARDS ADMIN., OFC OF WORKERS' COMP. PRGMS","BUFFALO, NY",Termination via Mass Mod,2/25/2025,"2,168",101383.0
FOOD AND DRUG ADMINISTRATION,"BOYLSTON, MA",Termination via Mass Mod,2/25/2025,"2,360",101119.0
NATIONAL PARK SERVICE,"CAMP VERDE, AZ",Termination via Mass Mod,3/4/2025,"2,300",100802.0
MINE SAFETY HEALTH ADMINISTRATION,"HIBBING, MN",Termination via Mass Mod,2/26/2025,"2,622",99163.0
FARM SERVICE AGENCY- STATE,"NACOGDOCHES, TX",Termination via Mass Mod,2/26/2025,"6,234",96647.0
FARM SERVICE AGENCY- STATE,"MADERA, CA",Termination via Mass Mod,2/25/2025,"3,858",96080.0
INTERNATIONAL TRADE ADMINISTRATION,"OKLAHOMA CITY, OK",Termination via Mass Mod,2/26/2025,"1,182",95865.0
UNITED STATES FISH AND WILDLIFE SERVICE,"DERBY, KS",Termination via Mass Mod,2/28/2025,"1,365",92324.0
SOCIAL SECURITY ADMINISTRATION,"PORTSMOUTH, OH",True Termination- Agency Closed Office,2/21/2025,"1,415",92317.0
MINE SAFETY HEALTH ADMINISTRATION,"HENDERSON, NV",Termination via Mass Mod,3/4/2025,"2,821",92313.0
AGRICULTURAL MARKETING SERVICE,"JESSUP, MD",Termination via Mass Mod,2/24/2025,"1,160",92028.0
ANIMAL AND PLANT HEALTH INSPECTION SERVICE,"RICHMOND, VA",Termination via Mass Mod,2/25/2025,"2,986",91909.0
FOOD AND DRUG ADMINISTRATION,"OMAHA, NE",Termination via Mass Mod,2/28/2025,"1,875",91682.0
GENERAL SERVICES ADMINISTRATION,"BROWNSVILLE, TX",True Termination- Agency Closed Office,2/6/2025,748,91487.0
GEOLOGICAL SURVEY,"MOAB, UT",Termination via Mass Mod,2/28/2025,"4,750",91482.0
SOCIAL SECURITY ADMINISTRATION,"NACOGDOCHES, TX",True Termination- Agency Closed Office,2/6/2025,"1,717",89255.0
DEPARTMENT OF HOUSING AND URBAN DEVELOPMENT,"SAN JUAN, PR",Termination via Mass Mod,2/25/2025,"3,716",89230.0
INTERNATIONAL TRADE ADMINISTRATION,"PHILADELPHIA, PA",Termination via Mass Mod,2/26/2025,"3,492",89146.0
RURAL HOUSING SERVICE,"MAYAGUEZ, PR",Termination via Mass Mod,2/25/2025,"2,991",88993.0
INDIAN HEALTH SERVICE-BEMIDJI,"SAULT STE MARIE, MI",Termination via Mass Mod,2/26/2025,"1,100",88150.0
DEPARTMENT OF HOUSING AND URBAN DEVELOPMENT,"TULSA, OK",Termination via Mass Mod,2/28/2025,"5,682",87541.0
INTERNATIONAL TRADE ADMINISTRATION,"KANSAS CITY, MO",Termination via Mass Mod,2/26/2025,"1,995",87380.0
SMALL BUSINESS ADMINISTRATION,"ANCHORAGE, AK",Termination via Mass Mod,2/26/2025,"4,031",87132.0
NATIONAL PARK SERVICE,"SOMERSET, PA",Termination via Mass Mod,3/3/2025,"2,361",86720.0
NATURAL RESOURCES CONSERVATION SERVICE,"SALINAS, CA",Termination via Mass Mod,2/25/2025,"7,829",85489.0
NATIONAL PARK SERVICE,"CRANE LAKE, MN",Termination via Mass Mod,2/25/2025,"2,512",85175.0
"CORPS OF ENGINEERS, CIVIL","WILMINGTON, NC",True Termination- Agency Closed Office,2/24/2025,"4,349",84963.0
ENVIRONMENTAL PROTECTION AGENCY,"GULFPORT, MS",Termination via Mass Mod,2/25/2025,"8,608",83965.0
NATURAL RESOURCES CONSERVATION SERVICE,"FAIRBANKS, AK",Termination via Mass Mod,2/25/2025,"4,446",83692.0
UNITED STATES FISH AND WILDLIFE SERVICE,"MANHATTAN, KS",Termination via Mass Mod,2/25/2025,"6,932",83582.0
FOREST SERVICE,"ACKERMAN, MS",Termination via Mass Mod,2/25/2025,"4,809",83517.0
OCCUPATIONAL SAFETY AND HEALTH ADMINISTRATION,"NASHVILLE, TN",True Termination- Agency Closed Office,2/24/2025,"1,540",82911.0
NATIONAL LABOR RELATIONS BOARD,"OVERLAND PARK, KS",Termination via Mass Mod,2/25/2025,"11,057",82866.0
NATURAL RESOURCES CONSERVATION SERVICE,"AMHERST, MA",Termination via Mass Mod,2/24/2025,"22,428",82234.0
UNITED STATES FISH AND WILDLIFE SERVICE,"INDIANOLA, IA",Termination via Mass Mod,2/28/2025,"2,616",81892.0
OCCUPATIONAL SAFETY AND HEALTH ADMINISTRATION,"ANDOVER, MA",Termination via Mass Mod,2/26/2025,"4,903",81731.0
FAS- OFFICE SPAC,"FAIRBORN, OH",True Termination- Agency Closed Office,1/23/2025,"2,983",81554.0
DEPARTMENT OF LABOR,"SIOUX FALLS, SD",Termination via Mass Mod,2/25/2025,"2,638",79862.0
NATURAL RESOURCES CONSERVATION SERVICE,"LAWRENCE, KS",Termination via Mass Mod,2/25/2025,"4,846",79634.0
BUREAU OF INDIAN AFFAIRS,"HOLLYWOOD, FL",Termination via Mass Mod,2/25/2025,"3,000",79365.0
NATIONAL OCEANIC ATMOSPHERIC ADMINISTRATION,"SUNRISE, FL",Termination via Mass Mod,2/26/2025,"1,858",79187.0
RAILROAD RETIREMENT BOARD,"WICHITA, KS",Termination via Mass Mod,2/24/2025,"1,290",78931.0
ANIMAL AND PLANT HEALTH INSPECTION SERVICE,"HAINES CITY, FL",Termination via Mass Mod,2/25/2025,"5,139",78553.0
DOE FERC,"FOLSOM, CA",True Termination- Agency Closed Office,2/12/2025,"1,330",78417.0
MINE SAFETY HEALTH ADMINISTRATION,"CRAIG, CO","Termination details are still being finalized. The lessor and customer have been notified, and the strategy is under development.",2/21/2025,"4,328",77247.0
INTERNATIONAL TRADE ADMINISTRATION,"SAN DIEGO, CA",Termination via Mass Mod,2/26/2025,"3,328",77206.0
DEPARTMENT OF HOUSING AND URBAN DEVELOPMENT,"BURLINGTON, VT",Termination via Mass Mod,2/25/2025,"2,343",77079.0
UNITED STATES FISH AND WILDLIFE SERVICE,"FRANKLIN, IN",Termination via Mass Mod,3/4/2025,"2,307",76970.0
DEPARTMENTAL MANAGEMENT (IG),"RALEIGH, NC",True Termination- Move to Federal Space,2/24/2025,"2,324",75934.0
FOOD AND DRUG ADMINISTRATION,"WICHITA, KS",Termination via Mass Mod,2/25/2025,"1,700",75880.0
NATURAL RESOURCES CONSERVATION SERVICE,"OXNARD, CA",Termination via Mass Mod,2/24/2025,"1,209",75323.0
GEOLOGICAL SURVEY,"BOULDER, CO",Termination via Mass Mod,2/25/2025,"29,170",75069.0
FARM SERVICE AGENCY- STATE,"ANNAPOLIS, MD",Termination via Mass Mod,2/26/2025,"5,300",73173.0
AGRICULTURAL MARKETING SERVICE,"DETROIT, MI",Termination via Mass Mod,2/26/2025,856,72842.0
RAILROAD RETIREMENT BOARD,"SCRANTON, PA",Termination via Mass Mod,2/25/2025,"1,250",71212.0
DRUG ENFORCEMENT ADMINISTRATION,"NORTH ANDOVER CENTER, MA",True Termination- Consolidation,2/4/2025,"5,300",69396.0
ANIMAL AND PLANT HEALTH INSPECTION SERVICE,"SUTTON, MA",Termination via Mass Mod,2/24/2025,"1,273",68672.0
"EMPLOY. STANDARDS ADMIN., OFC OF CONTRACT COMPLIANCE PR","MINNEAPOLIS, MN",Termination via Mass Mod,2/26/2025,"4,256",67909.0
FED MARITIME COMM,"HOUSTON, TX",True Termination- Agency Closed Office,2/5/2025,555,67771.0
SOCIAL SECURITY ADMINISTRATION,"GADSDEN, AL",True Termination- Agency Closed Office,2/21/2025,"1,450",67462.0
NATIONAL OCEANIC ATMOSPHERIC ADMINISTRATION,"EUREKA, CA",Termination via Mass Mod,2/26/2025,823,66483.0
NATIONAL PARK SERVICE,"MARTINSBURG, WV",Termination via Mass Mod,2/25/2025,"2,230",65220.0
ANIMAL AND PLANT HEALTH INSPECTION SERVICE,"GLADSTONE, MO",Termination via Mass Mod,2/25/2025,"1,378",64330.0
BUREAU OF INDIAN AFFAIRS,"WATONGA, OK",Termination via Mass Mod,2/25/2025,"2,850",64147.0
INDIAN HEALTH SERVICE-NASHVILLE,"MANLIUS, NY",Termination via Mass Mod,2/25/2025,"2,105",63227.0
NATURAL RESOURCES CONSERVATION SERVICE,"LINCOLN, NE",Termination via Mass Mod,2/25/2025,"10,471",62988.0
ENVIRONMENTAL PROTECTION AGENCY,"INDIANAPOLIS, IN",Termination via Mass Mod,3/4/2025,"2,407",62611.0
GEOLOGICAL SURVEY,"NEW PHILADELPHIA, OH",Termination via Mass Mod,2/25/2025,"2,765",62395.0
SOCIAL SECURITY ADMINISTRATION,"ROCKFORD, IL",True Termination- Agency Closed Office,2/18/2025,"1,743",62355.0
USAF DEPT,"AUBURN, CA",True Termination- Agency Closed Office,2/5/2025,"1,228",62051.0
SMALL BUSINESS ADMINISTRATION,"SPRINGFIELD, MA",Termination via Mass Mod,2/24/2025,894,61742.0
UNITED STATES FISH AND WILDLIFE SERVICE,"BROKEN BOW, OK",True Termination- Agency Closed Office,2/6/2025,"2,325",60637.0
MINE SAFETY HEALTH ADMINISTRATION,"FRACKVILLE, PA",Termination via Mass Mod,2/26/2025,"5,125",60282.0
UNITED STATES TRUSTEES,"LITTLE ROCK, AR",Termination via Mass Mod,2/25/2025,"6,779",59479.0
MINE SAFETY HEALTH ADMINISTRATION,"GREEN RIVER, WY",True Termination- Agency Closed Office,2/25/2025,"2,297",59242.0
INDIAN HEALTH SERVICE-CALIFORNIA,"ARCATA, CA",Termination via Mass Mod,2/24/2025,"1,492",59120.0
NATIONAL ARCHIVES CENTERS,"FAIRFIELD, OH",True Termination- Agency Closed Office,2/6/2025,"124,569",58958.0
ANIMAL AND PLANT HEALTH INSPECTION SERVICE,"UVALDE, TX",Termination via Mass Mod,2/24/2025,920,58615.0
FARM SERVICE AGENCY - COUNTY,"UTUADO, PR",Termination via Mass Mod,2/25/2025,"5,750",58423.0
"EMPLOY. STANDARDS ADMIN., OFC OF CONTRACT COMPLIANCE PR","SAN DIEGO, CA",Termination via Mass Mod,2/25/2025,"6,850",56665.0
"EMPLOYMENT STANDARDS ADMINISTRATION, WAGE AND HOUR DIVI","PENSACOLA, FL",Termination via Mass Mod,2/26/2025,690,56629.0
NATURAL RESOURCES CONSERVATION SERVICE,"SAN SEBASTIAN, PR",Termination via Mass Mod,2/24/2025,"1,810",56387.0
"EMPLOY. STANDARDS ADMIN., OFC OF WORKERS' COMP. PRGMS","RICHLAND, WA",Termination via Mass Mod,2/26/2025,979,55085.0
FEDERAL MOTOR CARRIER SAFETY ADMINISTRATION,"CHEYENNE, WY",Termination via Mass Mod,2/26/2025,"2,311",53357.0
"EMPLOYMENT STANDARDS ADMINISTRATION, WAGE AND HOUR DIVI","GUAYNABO, PR",Termination via Mass Mod,2/25/2025,"5,778",53052.0
DEPARTMENTAL MANAGEMENT (IG),"SPRINGFIELD, IL",Termination via Mass Mod,2/25/2025,"3,253",53003.0
FOREST SERVICE,"MOUNT SHASTA, CA",Termination via Mass Mod,2/26/2025,536,52997.0
RAILROAD RETIREMENT BOARD,"CINCINNATI, OH",Termination via Mass Mod,2/28/2025,"1,428",52331.0
SOCIAL SECURITY ADMINISTRATION,"WAUSAU, WI",True Termination- Agency Closed Office,2/27/2025,"1,851",51082.0
INDIAN HEALTH SERVICE-BEMIDJI,"TRAVERSE CITY, MI",Termination via Mass Mod,2/25/2025,798,50058.0
FARM SERVICE AGENCY- STATE,"MONTGOMERY, AL",Termination via Mass Mod,2/25/2025,"30,881",49992.0
"EMPLOYMENT STANDARDS ADMINISTRATION, WAGE AND HOUR DIVI","MINNEAPOLIS, MN",Termination via Mass Mod,2/26/2025,"3,499",49567.0
"FED ACQUISITION SRVC, REG 05 FLEET MGMT FACILITIES","LISLE, IL",Termination via Mass Mod,2/26/2025,"1,520",48649.0
"EMPLOY. AND TRAIN. ADMIN., BUR. OF APPRENTICESHIP AND T","MARTINSBURG, WV",Termination via Mass Mod,2/26/2025,525,48295.0
INTERNATIONAL TRADE ADMINISTRATION,"PORTSMOUTH, NH",Termination via Mass Mod,2/25/2025,"1,099",47872.0
RURAL HOUSING SERVICE,"DOVER, DE",Termination via Mass Mod,2/25/2025,"28,512",47401.0
NATIONAL OCEANIC ATMOSPHERIC ADMINISTRATION,"NORTHFIELD, NJ",Termination via Mass Mod,2/25/2025,"1,035",45942.0
"EMPLOYMENT STANDARDS ADMINISTRATION, WAGE AND HOUR DIVI","STATE COLLEGE, PA",Termination via Mass Mod,2/24/2025,443,45532.0
RAILROAD RETIREMENT BOARD,"MESA, AZ",Termination via Mass Mod,2/24/2025,"1,946",44774.0
UNITED STATES FISH AND WILDLIFE SERVICE,"MINOT, ND",Soft Term Terminations via PBS Commissioner Letter 2.25.25,3/12/2025,833,44233.0
MINE SAFETY HEALTH ADMINISTRATION,"LITCHFIELD, IL",Termination via Mass Mod,2/26/2025,"2,889",43525.0
FARM SERVICE AGENCY - COUNTY,"BATESVILLE, AR",True Termination- Agency Direct Lease,2/6/2025,"2,891",43365.0
GEOLOGICAL SURVEY,"POTSDAM, NY",Termination via Mass Mod,3/3/2025,"1,748",41630.0
SMALL BUSINESS ADMINISTRATION,"SPRINGFIELD, IL",Termination via Mass Mod,2/25/2025,"2,022",41231.0
"EMPLOYMENT STANDARDS ADMINISTRATION, WAGE AND HOUR DIVI","TACOMA, WA",Termination via Mass Mod,2/26/2025,842,40702.0
ANIMAL AND PLANT HEALTH INSPECTION SERVICE,"OKLAHOMA CITY, OK",Termination via Mass Mod,2/25/2025,"1,609",40225.0
SOCIAL SECURITY ADMINISTRATION,"ABILENE, TX",Agency approved of termination,2/24/2025,"1,342",39859.0
UNITED STATES FISH AND WILDLIFE SERVICE,"BALTIMORE, MD",Termination via Mass Mod,2/28/2025,"1,812",39342.0
"CORPS OF ENGINEERS, CIVIL","DURANGO, CO",Termination via Mass Mod,2/25/2025,"1,245",39206.0
SMALL BUSINESS ADMINISTRATION,"NORTH CHARLESTON, SC",Termination via Mass Mod,2/28/2025,465,38920.0
UNITED STATES FISH AND WILDLIFE SERVICE,"GREAT FALLS, MT",Soft Term Terminations via PBS Commissioner Letter 2.25.25,3/7/2025,"3,310",38471.0
"EMPLOYMENT STANDARDS ADMINISTRATION, WAGE AND HOUR DIVI","SPRINGFIELD, MA",Termination via Mass Mod,2/26/2025,599,38338.0
SOCIAL SECURITY ADMINISTRATION,"TEXARKANA, AR",Agency approved lease termination,2/24/2025,"1,436",37797.0
FOOD AND DRUG ADMINISTRATION,"DAVENPORT, IA",Termination via Mass Mod,2/24/2025,695,37442.0
ANIMAL AND PLANT HEALTH INSPECTION SERVICE,"SOUTH ST PAUL, MN",Termination via Mass Mod,2/25/2025,"2,489",35343.0
SMALL BUSINESS ADMINISTRATION,"OMAHA, NE",Termination via Mass Mod,2/26/2025,"5,756",34173.0
"EMPLOY. AND TRAIN. ADMIN., BUR. OF APPRENTICESHIP AND T","JOLIET, IL",Termination via Mass Mod,3/4/2025,500,33354.0
FOOD AND DRUG ADMINISTRATION,"PEORIA, IL",Termination via Mass Mod,2/25/2025,"1,155",33256.0
SMALL BUSINESS ADMINISTRATION,"CINCINNATI, OH",Termination via Mass Mod,2/26/2025,"2,247",32631.0
FEDERAL HIGHWAY ADMINISTRATION,"JEFFERSON CITY, MO",Termination via Mass Mod,2/25/2025,"6,440",29858.0
NATIONAL OCEANIC ATMOSPHERIC ADMINISTRATION,"BOISE, ID",Termination via Mass Mod,2/26/2025,"5,156",28091.0
GEOLOGICAL SURVEY,"RICE LAKE, WI",Termination via Mass Mod,3/4/2025,"1,150",27839.0
SOCIAL SECURITY ADMINISTRATION,"MANSFIELD, OH",True Termination- Agency Closed Office,2/27/2025,"1,047",27674.0
"FED ACQUISITION SRVC REG 04, FLEET MGMT FACILITIES","COCOA, FL",Termination via Mass Mod,2/24/2025,"1,088",26231.0
FEDERAL MOTOR CARRIER SAFETY ADMINISTRATION,"HELENA, MT",True Termination- Agency Closed Office,2/24/2025,"1,810",26129.0
NATIONAL OCEANIC ATMOSPHERIC ADMINISTRATION,"SEWARD, AK",Termination via Mass Mod,2/24/2025,922,24590.0
"FAS, REG 01 FLEET MANAGEMENT FACILITIES","HARTFORD, CT",True Termination- Agency Closed Office,2/20/2025,0,23336.0
U.S. IMMIGRATION & CUSTOMS ENFORCEMENT (ICE),"AUSTIN, TX",True Termination- Agency Closed Office,2/4/2025,0,23304.0
INDIAN HEALTH SERVICE-NASHVILLE,"OPELOUSAS, LA",Termination via Mass Mod,2/26/2025,"1,029",22959.0
OFFICE OF THE SECRETARY,"FISHERS, IN",Termination via Mass Mod,2/25/2025,"2,850",22531.0
BUREAU OF MINERALS MANAGEMENT SERVICE,"NEW ORLEANS, LA",Termination via Mass Mod,2/25/2025,970,21813.0
BUREAU OF LABOR STATISTICS,"MOUNTAINSIDE, NJ",Termination via Mass Mod,2/25/2025,"4,876",21489.0
"EMPLOY. AND TRAIN. ADMIN., BUR. OF APPRENTICESHIP AND T","DAVENPORT, IA",True Termination- Agency Closed Office,2/4/2025,351,20555.0
BUREAU OF INDIAN AFFAIRS,"ZUNI, NM",Termination via Mass Mod,2/25/2025,"2,117",19855.0
OFFICE OF PERSONNEL MANAGEMENT,"SAN ANTONIO, TX",Termination via Mass Mod,2/25/2025,"4,775",19408.0
UNITED STATES FISH AND WILDLIFE SERVICE,"LITTLETON, CO",Soft Term Terminations via PBS Commissioner Letter 2.25.25,3/12/2025,"1,250",19144.0
NATURAL RESOURCES CONSERVATION SERVICE,"DOVER, NH",Termination via Mass Mod,2/25/2025,"6,988",19043.0
GEOLOGICAL SURVEY,"OSWEGO, NY",Termination via Mass Mod,3/3/2025,"4,875",18082.0
MARITIME ADMINISTRATION,"BEAUMONT, TX",Termination via Mass Mod,2/25/2025,"2,404",17689.0
SOCIAL SECURITY ADMINISTRATION,"LAS VEGAS, NV",True Termination- Move to Federal Space,2/12/2025,"1,895",17203.0
ANIMAL AND PLANT HEALTH INSPECTION SERVICE,"WALLINGFORD, CT",Termination via Mass Mod,2/26/2025,"2,711",16780.0
FOOD AND DRUG ADMINISTRATION,"GREENSBORO, NC",Termination via Mass Mod,2/26/2025,"1,579",16547.0
UNITED STATES MARSHALS SERVICE,"OXFORD, MS",True Termination- Agency Closed Office,2/21/2025,600,16535.0
INTERNAL REVENUE SERVICE NATIONAL OFFICE,"CLEVELAND, OH",Termination via Mass Mod,2/25/2025,"18,996",16355.0
SMALL BUSINESS ADMINISTRATION,"LEXINGTON-FAYETTE, KY",True Termination- Agency Closed Office,2/24/2025,"1,200",15434.0
"EMPLOYMENT STANDARDS ADMINISTRATION, WAGE AND HOUR DIVI","HARLINGEN, TX",Termination via Mass Mod,2/24/2025,612,15339.0
INTERNAL REVENUE SERVICE NATIONAL OFFICE,"OXFORD, MS",Termination via Mass Mod,2/24/2025,"1,630",14988.0
BUREAU OF INDIAN AFFAIRS,"SISSETON, SD",Termination via Mass Mod,2/25/2025,"4,911",14795.0
SMALL BUSINESS ADMINISTRATION,"GREENSBORO, NC",True Termination- Agency Closed Office,2/24/2025,648,14641.0
FOOD AND DRUG ADMINISTRATION,"SOUTH BEND, IN",Termination via Mass Mod,2/25/2025,"1,734",14254.0
OCCUPATIONAL SAFETY AND HEALTH ADMINISTRATION,"HOUSTON, TX",Termination via Mass Mod,2/28/2025,"7,201",13241.0
NATIONAL OCEANIC ATMOSPHERIC ADMINISTRATION,"BARRE, VT",Termination via Mass Mod,2/26/2025,287,13161.0
FEDERAL TRADE COMMISSION,"ATLANTA, GA",True Termination- Move to Federal Space,2/13/2025,"8,360",12858.0
FEDERAL HIGHWAY ADMINISTRATION,"TOPEKA, KS",Termination via Mass Mod,2/25/2025,"6,572",12570.0
FEDERAL ENERGY REGULATORY COMMISSION,"CARMEL, IN",Termination via Mass Mod,2/24/2025,247,11907.0
"EMPLOYMENT STANDARDS ADMINISTRATION, WAGE AND HOUR DIVI","LONGVIEW, TX",Termination via Mass Mod,2/25/2025,320,11473.0
BUREAU OF INDIAN AFFAIRS,"BARAGA, MI",Termination via Mass Mod,2/28/2025,"1,200",9587.0
BUREAU OF INDIAN AFFAIRS,"SHAWANO, WI",Termination via Mass Mod,2/25/2025,"1,990",9074.0
VETERANS BENEFITS ADMINISTRATION,"LAS CRUCES, NM",True Termination- Move to Federal Space,2/5/2025,"1,120",8690.0
FARM SERVICE AGENCY - COUNTY,"WILKESBORO, NC",Termination via Mass Mod,2/25/2025,"5,970",8587.0
OCCUPATIONAL SAFETY AND HEALTH ADMINISTRATION,"MOBILE, AL",Termination via Mass Mod,2/25/2025,"5,548",8113.0
DEFENSE COUNTERINTELLIGENCE AND SECURITY AGENCY  DOD W,"JACKSONVILLE, FL",True Termination- Move to Federal Space,2/5/2025,"1,155",7566.0
"EMPLOYMENT STANDARDS ADMINISTRATION, WAGE AND HOUR DIVI","COLORADO SPRINGS, CO",Termination via Mass Mod,2/26/2025,875,7367.0
NATIONAL OCEANIC ATMOSPHERIC ADMINISTRATION,"SEFFNER, FL",Termination via Mass Mod,2/24/2025,"1,525",7365.0
NATIONAL OCEANIC ATMOSPHERIC ADMINISTRATION,"HAMPTON, VA",Batch 1 Termination. Effective date of 6.30.25,2/24/2025,911,6911.0
SMALL BUSINESS ADMINISTRATION,"SHOW LOW, AZ",Termination via Mass Mod,2/24/2025,460,6487.0
BUREAU OF INDIAN AFFAIRS,"CARNEGIE, OK",True Termination- Agency Closed Office,2/6/2025,0,6241.0
NATURAL RESOURCES CONSERVATION SERVICE,"DAYTON, WA",Termination via Mass Mod,2/25/2025,"4,320",6230.0
SOCIAL SECURITY ADMINISTRATION,"HAZARD, KY",True Termination- Agency Closed Office,2/24/2025,"1,652",6147.0
DEFENSE CONTRACT MANAGEMENT AGENCY- NATIONAL,"MERRILL, WI",True Termination- Agency Closed Office,2/12/2025,393,6067.0
OCCUPATIONAL SAFETY AND HEALTH ADMINISTRATION,"FAIRVIEW HEIGHTS, IL",Termination via Mass Mod,2/25/2025,"2,971",6051.0
BUR OF INDUSTRY & SECURITY,"HERNDON, VA",True Termination- Agency Closed Office,2/21/2025,"4,539",5274.0
BUREAU OF INDIAN AFFAIRS,"RAPID CITY, SD",Soft-Term Lease Termination,2/24/2025,"1,825",4579.0
FARM SERVICE AGENCY - COUNTY,"RIDGELAND, SC",Termination via Mass Mod,2/25/2025,"2,212",3813.0
INTERNAL REVENUE SERVICE NATIONAL OFFICE,"MANSFIELD, OH",Termination via Mass Mod,2/25/2025,"3,738",3800.0
RAILROAD RETIREMENT BOARD,"JOLIET, IL",Termination via Mass Mod,2/24/2025,"1,397",3037.0
NATIONAL OCEANIC ATMOSPHERIC ADMINISTRATION,"SALISBURY, MD",Termination via Mass Mod,2/25/2025,826,2802.0
NATURAL RESOURCES CONSERVATION SERVICE,"RATON, NM",Termination via Mass Mod,2/25/2025,"2,166",2648.0
"FAS, REG 08 FLEET MANAGEMENT FACILITIES","BISMARCK, ND",True Termination- Agency Closed Office,2/21/2025,0,2563.0
NATURAL RESOURCES CONSERVATION SERVICE,"GRIFFIN, GA",Termination via Mass Mod,2/25/2025,"3,772",2532.0
FARM SERVICE AGENCY - COUNTY,"BAUDETTE, MN",Termination via Mass Mod,2/25/2025,"2,081",1850.0
NATIONAL OCEANIC ATMOSPHERIC ADMINISTRATION,"JUNEAU, AK",Termination via Mass Mod,2/24/2025,"1,595",1743.0
GENERAL SERVICES ADMINISTRATION,"YAKIMA, WA",True Termination- Vacant Space Buyout,2/4/2025,330,1647.0
BUREAU OF INDIAN AFFAIRS,"PABLO, MT",Termination via Mass Mod,2/24/2025,620,885.0
NATIONAL OCEANIC ATMOSPHERIC ADMINISTRATION,"SALEM, OR",Termination via Mass Mod,2/24/2025,236,881.0
BUREAU OF INDIAN AFFAIRS,"FREDONIA, AZ",Termination via Mass Mod,2/24/2025,"1,500",626.0
BUREAU OF RECLAMATION,"WEAVERVILLE, CA",Termination via Mass Mod,2/25/2025,"4,980",501.0
FPS-DHS-MGMT,"RENSSELAER, NY",True Termination- Vacant Space Buyout,2/18/2025,115,48.0
GENERAL SERVICES ADMINISTRATION,"MIAMI, FL",True Termination- Lease Backfill,1/22/2025,"3,076",0.0
BUREAU OF PRISONS,"CINCINNATI, OH",True Termination- Move to Federal Space,1/22/2025,"3,068",0.0
DOD DEF CONT MGT AGY,"CHARLOTTESVILLE, VA",True Termination- Agency Closed Office,1/27/2025,"3,719",0.0
SOCIAL SECURITY ADMINISTRATION,"WHITE PLAINS, NY",True Termination- Consolidation,1/29/2025,"16,632",0.0
DHS UNDERSEC FOR MGM,"ARLINGTON, VA",True Termination- Consolidation,1/29/2025,"55,043",0.0
DHS UNDERSEC FOR MGM,"ARLINGTON, VA",True Termination- Consolidation,1/29/2025,"49,662",0.0
PUBLIC DEFENDER SERVICE,"PHOENIX, AZ",True Termination- Consolidation,1/30/25,"46,567",0.0
DHS USSS,"LOS ANGELES, CA",True Termination- Agency Closed Office,1/30/25,"1,200",0.0
GAO,"LOS ANGELES, CA",True Termination- Agency Closed Office,1/30/2025,"16,439",0.0
USDA FSIS,"BREA, CA",True Termination- Vacant Space Buyout,1/30/2025,"2,551",0.0
DHS USSS,"WASHINGTON, DC",True Termination- Agency Closed Office,1/30/2025,"2,061",0.0
BUREAU OF LABOR STATISTICS,"WASHINGTON, DC",True Termination- Consolidation,1/30/2025,"845,389",0.0
GENERAL SERVICES ADMINISTRATION,"NEW YORK, NY",True Termination- Agency Closed Office,1/31/2025,250,0.0
U.S. IMMIGRATION & CUSTOMS ENFORCEMENT (ICE),"NEW YORK, NY",True Termination- Agency Closed Office,1/31/2025,0,0.0
U.S. IMMIGRATION & CUSTOMS ENFORCEMENT (ICE),"NEW YORK, NY",True Termination- Agency Closed Office,1/31/2025,0,0.0
FIELD OFFICES,"WASHINGTON, DC",True Termination- Move to Federal Space,1/31/2025,"22,195",0.0
CD NOAA,"RIVERDALE PARK, MD",True Termination- Consolidation,1/31/2025,"5,598",0.0
SOCIAL SECURITY ADMINISTRATION,"LOGAN, WV",True Termination- Agency Closed Office,2/3/2025,"7,852",0.0
DOD -WHS,"LOS ANGELES, CA",True Termination- Agency Closed Office,2/3/2025,"6,610",0.0
DEPARTMENT OF EDUCATION,"WASHINGTON, DC",True Termination- Consolidation,2/3/2025,"5,255",0.0
SMALL BUSINESS ADMINISTRATION,"LEBANON, NH",True Termination- Agency Closed Office,2/4/2025,959,0.0
DHS USSS,"REHOBOTH BEACH, DE",True Termination- Agency Closed Office,2/4/2025,"1,300",0.0
DHS USSS,"REHOBOTH BEACH, DE",True Termination- Agency Closed Office,2/4/2025,"2,400",0.0
DOD WHS,"WILMINGTON, DE",True Termination- Agency Closed Office,2/4/2025,"2,350",0.0
DOD DISA,"REHOBOTH BEACH, DE",True Termination- Agency Closed Office,2/4/2025,"2,740",0.0
DHS UNITED STATES SECRET SERVICE,"WILMINGTON, DE",True Termination- Agency Closed Office,2/4/2025,"13,441",0.0
DHS UNITED STATES SECRET SERVICE,"WILMINGTON, DE",True Termination- Agency Closed Office,2/4/2025,0,0.0
DHS UNITED STATES SECRET SERVICE,"PHILADELPHIA, PA",True Termination- Agency Closed Office,2/4/2025,"1,000",0.0
"CORPS OF ENGINEERS, CIVIL","MOBILE, AL",True Termination- Agency Direct Lease,2/4/2025,"23,860",0.0
GENERAL SERVICES ADMINISTRATION,"CHAMPAIGN, IL",True Termination- Agency Closed Office,2/4/2025,"2,958",0.0
UNITED STATES TRUSTEES,"DAYTON, OH",True Termination- Agency Closed Office,2/4/2025,"2,257",0.0
DEFENSE CONTRACT MANAGEMENT AGENCY- NATIONAL,"AKRON, OH",True Termination- Move to Federal Space,2/4/2025,"3,201",0.0
DHS TRANSPORTATION SECURITY ADMINISTRATION,"ABILENE, TX",True Termination- Agency Closed Office,2/4/2025,"4,998",0.0
GOVERNMENT ACCOUNTABILITY OFFICE,"SEATTLE, WA",True Termination- Move to Federal Space,2/4/2025,"23,394",0.0
NATIONAL LABOR RELATIONS BOARD,"BUFFALO, NY",True Termination- Consolidation,2/5/2025,"37,644",0.0
DEFENSE CONTRACT MANAGEMENT AGENCY- NATIONAL,"BUFFALO, NY",True Termination- Consolidation,2/5/2025,"18,163",0.0
FOOD AND DRUG ADMINISTRATION,"ATLANTA, GA",True Termination- Consolidation,2/5/2025,"17,000",0.0
BU ALC TOB FRMS XPL,"MIDDLEBURG HEIGHTS, OH",True Termination- Agency Closed Office,2/5/2025,"1,000",0.0
DEFENSE CONTRACT MANAGEMENT AGENCY- NATIONAL,"MILWAUKEE, WI",True Termination- Move to Federal Space,2/5/2025,"7,322",0.0
"EMPLOYMENT STANDARDS ADMINISTRATION, WAGE AND HOUR DIVI","FAYETTEVILLE, AR",True Termination- Move to Federal Space,2/5/2025,440,0.0
SOCIAL SECURITY ADMINISTRATION,"ROANOKE RAPIDS, NC",True Termination- Lease Backfill,2/6/2025,982,0.0
SOCIAL SECURITY ADMINISTRATION,"OKEMOS, MI",True Termination- Agency Closed Office,2/6/2025,"4,276",0.0
SOCIAL SECURITY ADMINISTRATION,"COLUMBUS, OH",True Termination- Move to Federal Space,2/6/2025,"3,999",0.0
BANKRUPTCY CLERK,"COLUMBUS, OH",True Termination- Move to Federal Space,2/6/2025,"61,371",0.0
PROBATION,"TOLEDO, OH",True Termination- Move to Federal Space,2/6/2025,"6,834",0.0
SOCIAL SECURITY ADMINISTRATION,"GREEN BAY, WI",True Termination- Consolidation,2/6/2025,976,0.0
RURAL HOUSING SERVICE,"BATESVILLE, AR",True Termination- Agency Direct Lease,2/6/2025,"3,403",0.0
NATURAL RESOURCES CONSERVATION SERVICE,"BATESVILLE, AR",True Termination- Lease Backfill,2/6/2025,"1,470",0.0
SOCIAL SECURITY ADMINISTRATION,"BATESVILLE, AR",True Termination- Agency Direct Lease,2/6/2025,"1,934",0.0
DOE FERC,"WASHINGTON, DC",True Termination- Agency Closed Office,2/6/2025,"30,193",0.0
GEOLOGICAL SURVEY,"MENLO PARK, CA",True Termination- Agency Direct Lease,2/7/2025,"20,000",0.0
DEF CONT MANA AGNEY,"SAN JOSE, CA",True Termination- Agency Closed Office,2/10/2025,"4,562",0.0
USDA FS,"WASHINGTON, DC",True Termination- Agency Closed Office,2/10/2025,"17,593",0.0
DHS UNITED STATES SECRET SERVICE,"WASHINGTON, DC",True Termination- Agency Closed Office,2/11/2025,0,0.0
ENVIRONMENTAL PROTECTION AGENCY,"CHARLOTTE AMALIE, VI",True Termination- Agency Closed Office,2/12/2025,"1,277",0.0
OFFICE OF MANAGEMENT,"WASHINGTON, DC",True Termination- Move to Federal Space,2/12/2025,"66,390",0.0
GENERAL SERVICES ADMINISTRATION,"LORTON, VA",True Termination- Agency Closed Office,2/12/2025,"15,280",0.0
DHS UNDERSEC FOR MGM,"WASHINGTON, DC",True Termination- Move to Federal Space,2/13/2025,"59,681",0.0
HHS FDA,"SILVER SPRING, MD",True Termination- Agency Closed Office,2/13/2025,"64,471",0.0
HHS FDA,"DERWOOD, MD",True Termination- Agency Closed Office,2/13/2025,"29,744",0.0
-,"CHATTANOOGA, TN",True Termination- Agency Closed Office,2/14/2025,"1,023",0.0
DEFENSE COUNTERINTELLIGENCE AND SECURITY AGENCY  DOD W,"ST. LOUIS, MO",True Termination- Agency Closed Office,2/14/2025,"3,392",0.0
DEFENSE CONTRACT MANAGEMENT AGENCY- NATIONAL,"SAINT AUGUSTINE, FL",Agency entering into a license agreement with Northrop Grumman for their space,2/18/2025,"4,045",0.0
DEPARTMENT OF AIR FORCE,"NORTH CHARLESTON, SC",True Termination- Agency Closed Office,2/20/2025,"75,000",0.0
FEDERAL BUREAU OF INVESTIGATION,"ST. JOSEPH, MO",True Termination- Consolidation,2/20/2025,"1,449",0.0
-,"ARLINGTON, VA",True Termination- Move to Federal Space,2/20/2025,"88,469",0.0
FEDERAL MEDIATION AND CONCILIATION SERVICE,"BUFFALO, NY",End of term,2/21/2025,"2,178",0.0
SOCIAL SECURITY ADMINISTRATION,"HORSEHEADS, NY",Agency response on no longer a need for space provided by Portfolio.,2/21/2025,"11,400",0.0
SMALL BUSINESS ADMINISTRATION,"MELBOURNE, FL",True Termination- Agency Closed Office,2/21/2025,570,0.0
-,"PEARL, MS",True Termination- Agency Closed Office,2/21/2025,"7,161",0.0
BORDER PATROL FACILITIES,"SHELBY, MT",True Termination- Agency Closed Office,2/21/2025,"16,292",0.0
SMALL BUSINESS ADMINISTRATION,"CHICO, CA",True Termination- Agency Closed Office,2/21/2025,315,0.0
AGRICULTURAL MARKETING SERVICE,"PORTLAND, OR",Agency indicated they could release this space if replacement space was procured.,2/21/2025,"5,485",0.0
INTERNAL REVENUE SERVICE NATIONAL OFFICE,"LOWELL, MA",True Termination- Move to Federal Space,2/24/2025,"36,752",0.0
-,"RALEIGH, NC",True Termination- Move to Federal Space,2/24/2025,"5,287",0.0
AGRICULTURAL MARKETING SERVICE,"LITTLE ROCK, AR",Agency approved lease termination,2/24/2025,"3,974",0.0
GEOLOGICAL SURVEY,"CHARLOTTE, NC",Termination via Mass Mod,2/25/2025,"5,316",0.0
FARM SERVICE AGENCY - COUNTY,"HENDERSONVILLE, NC",Termination via Mass Mod,2/25/2025,"5,358",0.0
SOCIAL SECURITY ADMINISTRATION,"NASHVILLE, TN",True Termination- Agency Closed Office,2/25/2025,"4,133",0.0
FEDERAL TRADE COMMISSION,"DALLAS, TX",Termination via Mass Mod,2/25/2025,"15,255",0.0
NATIONAL PARK SERVICE,"CAMP VERDE, AZ",Termination via Mass Mod,2/25/2025,"2,300",0.0
GEOLOGICAL SURVEY,"KLAMATH FALLS, OR",Termination via Mass Mod,2/25/2025,"8,913",0.0
NATURAL RESOURCES CONSERVATION SERVICE,"BLYTHE, CA",Termination via Mass Mod,2/26/2025,980,0.0
SMALL BUSINESS ADMINISTRATION,"SEATTLE, WA",Termination via Mass Mod,2/26/2025,"12,867",0.0
SMALL BUSINESS ADMINISTRATION,"HAUPPAUGE, NY",Termination via Mass Mod,3/4/2025,"2,000",0.0
OCCUPATIONAL SAFETY AND HEALTH ADMINISTRATION,"CENTER VALLEY, PA",Termination via Mass Mod,3/4/2025,"5,088",0.0
MINE SAFETY HEALTH ADMINISTRATION,"ROCK VIEW, WV",Termination via Mass Mod,3/4/2025,"20,781",0.0
ALCOHOL AND TOBACCO TAX AND TRADE BUREAU,"TAMPA, FL",Termination via Mass Mod,3/4/2025,"2,678",0.0
ENVIRONMENTAL PROTECTION AGENCY,"NORCROSS, GA",Termination via Mass Mod,3/4/2025,"15,120",0.0
MINE SAFETY HEALTH ADMINISTRATION,"STURGIS, KY",Termination via Mass Mod,3/4/2025,"3,849",0.0
RAILROAD RETIREMENT BOARD,"ST. PAUL, MN",Termination via Mass Mod,3/4/2025,"3,006",0.0
OFFICE OF THE SECRETARY,"CLEVELAND, OH",Termination via Mass Mod,3/4/2025,"28,704",0.0
OCCUPATIONAL SAFETY AND HEALTH ADMINISTRATION,"LITTLE ROCK, AR",Termination via Mass Mod,3/4/2025,"8,352",0.0
OFFICE OF THE SOLICITOR,"LAKEWOOD, CO",True Termination- Move to Federal Space,3/4/2025,"18,144",0.0
NATIONAL LABOR RELATIONS BOARD,"PHOENIX, AZ",Termination via Mass Mod,3/4/2025,"13,253",0.0
ALCOHOL AND TOBACCO TAX AND TRADE BUREAU,"LOS ANGELES, CA",Termination via Mass Mod,3/4/2025,"2,079",0.0
DEPARTMENT OF HOUSING AND URBAN DEVELOPMENT,"WASHINGTON, DC",Termination via Mass Mod,3/4/2025,"76,200",0.0
DEPARTMENT OF JUSTICE,"WASHINGTON, DC",Termination via Mass Mod,3/4/2025,"62,124",0.0
OFFICE OF THE INSPECTOR GENERAL,"WASHINGTON, DC",Termination via Mass Mod,3/4/2025,"33,675",0.0
SPECIAL INSPECTOR GENERAL FOR PANDEMIC RECOVERY,"ALEXANDRIA, VA",Termination via Mass Mod,3/4/2025,"55,159",0.0
